classid,classname,questid,name,gemid,gemName,color,Cost,Currency
0,Scion,111,"Enemy at the Gate",257,Blight,#1E90FF,1,"Scroll of Wisdom"
0,Scion,111,"Enemy at the Gate",119,"Burning Arrow",#32CD32,1,"Scroll of Wisdom"
0,Scion,111,"Enemy at the Gate",120,"Caustic Arrow",#32CD32,1,"Scroll of Wisdom"
0,Scion,111,"Enemy at the Gate",2,Cleave,Red,1,"Scroll of Wisdom"
0,Scion,111,"Enemy at the Gate",122,"Cobra Lash",#32CD32,1,"Scroll of Wisdom"
0,Scion,111,"Enemy at the Gate",123,"Double Strike",#32CD32,1,"Scroll of Wisdom"
0,Scion,111,"Enemy at the Gate",124,"Dual Strike",#32CD32,1,"Scroll of Wisdom"
0,Scion,111,"Enemy at the Gate",127,"Explosive Trap",#32CD32,1,"Scroll of Wisdom"
0,Scion,111,"Enemy at the Gate",260,Fireball,#1E90FF,1,"Scroll of Wisdom"
0,Scion,111,"Enemy at the Gate",128,"Frost Blades",#32CD32,1,"Scroll of Wisdom"
0,Scion,111,"Enemy at the Gate",262,Frostbolt,#1E90FF,1,"Scroll of Wisdom"
0,Scion,111,"Enemy at the Gate",129,"Galvanic Arrow",#32CD32,1,"Scroll of Wisdom"
0,Scion,111,"Enemy at the Gate",6,"Heavy Strike",Red,1,"Scroll of Wisdom"
0,Scion,111,"Enemy at the Gate",130,"Ice Shot",#32CD32,1,"Scroll of Wisdom"
0,Scion,111,"Enemy at the Gate",263,"Kinetic Bolt",#1E90FF,1,"Scroll of Wisdom"
0,Scion,111,"Enemy at the Gate",264,"Lightning Tendrils",#1E90FF,1,"Scroll of Wisdom"
0,Scion,111,"Enemy at the Gate",7,"Molten Strike",Red,1,"Scroll of Wisdom"
0,Scion,111,"Enemy at the Gate",423,"Momentum Support",#32CD32,1,"Scroll of Wisdom"
0,Scion,111,"Enemy at the Gate",8,Perforate,Red,1,"Scroll of Wisdom"
0,Scion,111,"Enemy at the Gate",265,"Purifying Flame",#1E90FF,1,"Scroll of Wisdom"
0,Scion,111,"Enemy at the Gate",266,"Raise Zombie",#1E90FF,1,"Scroll of Wisdom"
0,Scion,111,"Enemy at the Gate",267,"Rolling Magma",#1E90FF,1,"Scroll of Wisdom"
0,Scion,111,"Enemy at the Gate",11,Smite,Red,1,"Scroll of Wisdom"
0,Scion,111,"Enemy at the Gate",268,Spark,#1E90FF,1,"Scroll of Wisdom"
0,Scion,111,"Enemy at the Gate",133,"Spectral Throw",#32CD32,1,"Scroll of Wisdom"
0,Scion,111,"Enemy at the Gate",134,"Split Arrow",#32CD32,1,"Scroll of Wisdom"
0,Scion,111,"Enemy at the Gate",135,"Splitting Steel",#32CD32,1,"Scroll of Wisdom"
0,Scion,111,"Enemy at the Gate",269,"Stormblast Mine",#1E90FF,1,"Scroll of Wisdom"
0,Scion,111,"Enemy at the Gate",136,"Viper Strike",#32CD32,1,"Scroll of Wisdom"
1,Marauder,111,"Enemy at the Gate",2,Cleave,Red,1,"Scroll of Wisdom"
1,Marauder,111,"Enemy at the Gate",123,"Double Strike",#32CD32,1,"Scroll of Wisdom"
1,Marauder,111,"Enemy at the Gate",124,"Dual Strike",#32CD32,1,"Scroll of Wisdom"
1,Marauder,111,"Enemy at the Gate",126,"Ethereal Knives",#32CD32,1,"Scroll of Wisdom"
1,Marauder,111,"Enemy at the Gate",260,Fireball,#1E90FF,1,"Scroll of Wisdom"
1,Marauder,111,"Enemy at the Gate",4,"Glacial Hammer",Red,1,"Scroll of Wisdom"
1,Marauder,111,"Enemy at the Gate",5,"Ground Slam",Red,1,"Scroll of Wisdom"
1,Marauder,111,"Enemy at the Gate",6,"Heavy Strike",Red,1,"Scroll of Wisdom"
1,Marauder,111,"Enemy at the Gate",7,"Molten Strike",Red,1,"Scroll of Wisdom"
1,Marauder,111,"Enemy at the Gate",8,Perforate,Red,1,"Scroll of Wisdom"
1,Marauder,111,"Enemy at the Gate",9,"Ruthless Support",Red,1,"Scroll of Wisdom"
1,Marauder,111,"Enemy at the Gate",11,Smite,Red,1,"Scroll of Wisdom"
1,Marauder,111,"Enemy at the Gate",133,"Spectral Throw",#32CD32,1,"Scroll of Wisdom"
2,Ranger,111,"Enemy at the Gate",119,"Burning Arrow",#32CD32,1,"Scroll of Wisdom"
2,Ranger,111,"Enemy at the Gate",120,"Caustic Arrow",#32CD32,1,"Scroll of Wisdom"
2,Ranger,111,"Enemy at the Gate",2,Cleave,Red,1,"Scroll of Wisdom"
2,Ranger,111,"Enemy at the Gate",122,"Cobra Lash",#32CD32,1,"Scroll of Wisdom"
2,Ranger,111,"Enemy at the Gate",123,"Double Strike",#32CD32,1,"Scroll of Wisdom"
2,Ranger,111,"Enemy at the Gate",124,"Dual Strike",#32CD32,1,"Scroll of Wisdom"
2,Ranger,111,"Enemy at the Gate",127,"Explosive Trap",#32CD32,1,"Scroll of Wisdom"
2,Ranger,111,"Enemy at the Gate",128,"Frost Blades",#32CD32,1,"Scroll of Wisdom"
2,Ranger,111,"Enemy at the Gate",129,"Galvanic Arrow",#32CD32,1,"Scroll of Wisdom"
2,Ranger,111,"Enemy at the Gate",130,"Ice Shot",#32CD32,1,"Scroll of Wisdom"
2,Ranger,111,"Enemy at the Gate",263,"Kinetic Bolt",#1E90FF,1,"Scroll of Wisdom"
2,Ranger,111,"Enemy at the Gate",8,Perforate,Red,1,"Scroll of Wisdom"
2,Ranger,111,"Enemy at the Gate",133,"Spectral Throw",#32CD32,1,"Scroll of Wisdom"
2,Ranger,111,"Enemy at the Gate",134,"Split Arrow",#32CD32,1,"Scroll of Wisdom"
2,Ranger,111,"Enemy at the Gate",135,"Splitting Steel",#32CD32,1,"Scroll of Wisdom"
2,Ranger,111,"Enemy at the Gate",136,"Viper Strike",#32CD32,1,"Scroll of Wisdom"
3,Witch,111,"Enemy at the Gate",256,"Arcane Surge Support",#1E90FF,1,"Scroll of Wisdom"
3,Witch,111,"Enemy at the Gate",257,Blight,#1E90FF,1,"Scroll of Wisdom"
3,Witch,111,"Enemy at the Gate",126,"Ethereal Knives",#32CD32,1,"Scroll of Wisdom"
3,Witch,111,"Enemy at the Gate",127,"Explosive Trap",#32CD32,1,"Scroll of Wisdom"
3,Witch,111,"Enemy at the Gate",260,Fireball,#1E90FF,1,"Scroll of Wisdom"
3,Witch,111,"Enemy at the Gate",261,"Freezing Pulse",#1E90FF,1,"Scroll of Wisdom"
3,Witch,111,"Enemy at the Gate",262,Frostbolt,#1E90FF,1,"Scroll of Wisdom"
3,Witch,111,"Enemy at the Gate",263,"Kinetic Bolt",#1E90FF,1,"Scroll of Wisdom"
3,Witch,111,"Enemy at the Gate",264,"Lightning Tendrils",#1E90FF,1,"Scroll of Wisdom"
3,Witch,111,"Enemy at the Gate",265,"Purifying Flame",#1E90FF,1,"Scroll of Wisdom"
3,Witch,111,"Enemy at the Gate",266,"Raise Zombie",#1E90FF,1,"Scroll of Wisdom"
3,Witch,111,"Enemy at the Gate",267,"Rolling Magma",#1E90FF,1,"Scroll of Wisdom"
3,Witch,111,"Enemy at the Gate",268,Spark,#1E90FF,1,"Scroll of Wisdom"
3,Witch,111,"Enemy at the Gate",269,"Stormblast Mine",#1E90FF,1,"Scroll of Wisdom"
4,Duelist,111,"Enemy at the Gate",119,"Burning Arrow",#32CD32,1,"Scroll of Wisdom"
4,Duelist,111,"Enemy at the Gate",120,"Caustic Arrow",#32CD32,1,"Scroll of Wisdom"
4,Duelist,111,"Enemy at the Gate",1,"Chance to Bleed Support",Red,1,"Scroll of Wisdom"
4,Duelist,111,"Enemy at the Gate",2,Cleave,Red,1,"Scroll of Wisdom"
4,Duelist,111,"Enemy at the Gate",123,"Double Strike",#32CD32,1,"Scroll of Wisdom"
4,Duelist,111,"Enemy at the Gate",124,"Dual Strike",#32CD32,1,"Scroll of Wisdom"
4,Duelist,111,"Enemy at the Gate",128,"Frost Blades",#32CD32,1,"Scroll of Wisdom"
4,Duelist,111,"Enemy at the Gate",129,"Galvanic Arrow",#32CD32,1,"Scroll of Wisdom"
4,Duelist,111,"Enemy at the Gate",4,"Glacial Hammer",Red,1,"Scroll of Wisdom"
4,Duelist,111,"Enemy at the Gate",5,"Ground Slam",Red,1,"Scroll of Wisdom"
4,Duelist,111,"Enemy at the Gate",6,"Heavy Strike",Red,1,"Scroll of Wisdom"
4,Duelist,111,"Enemy at the Gate",130,"Ice Shot",#32CD32,1,"Scroll of Wisdom"
4,Duelist,111,"Enemy at the Gate",7,"Molten Strike",Red,1,"Scroll of Wisdom"
4,Duelist,111,"Enemy at the Gate",8,Perforate,Red,1,"Scroll of Wisdom"
4,Duelist,111,"Enemy at the Gate",133,"Spectral Throw",#32CD32,1,"Scroll of Wisdom"
4,Duelist,111,"Enemy at the Gate",134,"Split Arrow",#32CD32,1,"Scroll of Wisdom"
4,Duelist,111,"Enemy at the Gate",135,"Splitting Steel",#32CD32,1,"Scroll of Wisdom"
4,Duelist,111,"Enemy at the Gate",136,"Viper Strike",#32CD32,1,"Scroll of Wisdom"
5,Templar,111,"Enemy at the Gate",257,Blight,#1E90FF,1,"Scroll of Wisdom"
5,Templar,111,"Enemy at the Gate",258,"Elemental Proliferation Support",#1E90FF,1,"Scroll of Wisdom"
5,Templar,111,"Enemy at the Gate",260,Fireball,#1E90FF,1,"Scroll of Wisdom"
5,Templar,111,"Enemy at the Gate",261,"Freezing Pulse",#1E90FF,1,"Scroll of Wisdom"
5,Templar,111,"Enemy at the Gate",262,Frostbolt,#1E90FF,1,"Scroll of Wisdom"
5,Templar,111,"Enemy at the Gate",4,"Glacial Hammer",Red,1,"Scroll of Wisdom"
5,Templar,111,"Enemy at the Gate",5,"Ground Slam",Red,1,"Scroll of Wisdom"
5,Templar,111,"Enemy at the Gate",6,"Heavy Strike",Red,1,"Scroll of Wisdom"
5,Templar,111,"Enemy at the Gate",264,"Lightning Tendrils",#1E90FF,1,"Scroll of Wisdom"
5,Templar,111,"Enemy at the Gate",7,"Molten Strike",Red,1,"Scroll of Wisdom"
5,Templar,111,"Enemy at the Gate",265,"Purifying Flame",#1E90FF,1,"Scroll of Wisdom"
5,Templar,111,"Enemy at the Gate",266,"Raise Zombie",#1E90FF,1,"Scroll of Wisdom"
5,Templar,111,"Enemy at the Gate",267,"Rolling Magma",#1E90FF,1,"Scroll of Wisdom"
5,Templar,111,"Enemy at the Gate",11,Smite,Red,1,"Scroll of Wisdom"
5,Templar,111,"Enemy at the Gate",268,Spark,#1E90FF,1,"Scroll of Wisdom"
5,Templar,111,"Enemy at the Gate",133,"Spectral Throw",#32CD32,1,"Scroll of Wisdom"
5,Templar,111,"Enemy at the Gate",269,"Stormblast Mine",#1E90FF,1,"Scroll of Wisdom"
6,Shadow,111,"Enemy at the Gate",257,Blight,#1E90FF,1,"Scroll of Wisdom"
6,Shadow,111,"Enemy at the Gate",119,"Burning Arrow",#32CD32,1,"Scroll of Wisdom"
6,Shadow,111,"Enemy at the Gate",120,"Caustic Arrow",#32CD32,1,"Scroll of Wisdom"
6,Shadow,111,"Enemy at the Gate",121,"Chance to Poison Support",#32CD32,1,"Scroll of Wisdom"
6,Shadow,111,"Enemy at the Gate",122,"Cobra Lash",#32CD32,1,"Scroll of Wisdom"
6,Shadow,111,"Enemy at the Gate",123,"Double Strike",#32CD32,1,"Scroll of Wisdom"
6,Shadow,111,"Enemy at the Gate",124,"Dual Strike",#32CD32,1,"Scroll of Wisdom"
6,Shadow,111,"Enemy at the Gate",126,"Ethereal Knives",#32CD32,1,"Scroll of Wisdom"
6,Shadow,111,"Enemy at the Gate",127,"Explosive Trap",#32CD32,1,"Scroll of Wisdom"
6,Shadow,111,"Enemy at the Gate",260,Fireball,#1E90FF,1,"Scroll of Wisdom"
6,Shadow,111,"Enemy at the Gate",261,"Freezing Pulse",#1E90FF,1,"Scroll of Wisdom"
6,Shadow,111,"Enemy at the Gate",128,"Frost Blades",#32CD32,1,"Scroll of Wisdom"
6,Shadow,111,"Enemy at the Gate",262,Frostbolt,#1E90FF,1,"Scroll of Wisdom"
6,Shadow,111,"Enemy at the Gate",263,"Kinetic Bolt",#1E90FF,1,"Scroll of Wisdom"
6,Shadow,111,"Enemy at the Gate",264,"Lightning Tendrils",#1E90FF,1,"Scroll of Wisdom"
6,Shadow,111,"Enemy at the Gate",265,"Purifying Flame",#1E90FF,1,"Scroll of Wisdom"
6,Shadow,111,"Enemy at the Gate",267,"Rolling Magma",#1E90FF,1,"Scroll of Wisdom"
6,Shadow,111,"Enemy at the Gate",268,Spark,#1E90FF,1,"Scroll of Wisdom"
6,Shadow,111,"Enemy at the Gate",133,"Spectral Throw",#32CD32,1,"Scroll of Wisdom"
6,Shadow,111,"Enemy at the Gate",134,"Split Arrow",#32CD32,1,"Scroll of Wisdom"
6,Shadow,111,"Enemy at the Gate",269,"Stormblast Mine",#1E90FF,1,"Scroll of Wisdom"
6,Shadow,111,"Enemy at the Gate",136,"Viper Strike",#32CD32,1,"Scroll of Wisdom"
0,Scion,111,"Enemy at the Gate",425,"Prismatic Burst Support",#1E90FF,1,"Scroll of Wisdom"
5,Templar,111,"Enemy at the Gate",425,"Prismatic Burst Support",#1E90FF,1,"Scroll of Wisdom"
6,Shadow,111,"Enemy at the Gate",425,"Prismatic Burst Support",#1E90FF,1,"Scroll of Wisdom"
3,Witch,111,"Enemy at the Gate",425,"Prismatic Burst Support",#1E90FF,1,"Scroll of Wisdom"
2,Ranger,111,"Enemy at the Gate",423,"Momentum Support",#32CD32,1,"Scroll of Wisdom"
2,Ranger,112,"Mercy Mission",132,"Pierce Support",#32CD32,1,"Scroll of Wisdom"
0,Scion,112,"Mercy Mission",12,"Ancestral Call Support",Red,1,"Scroll of Wisdom"
0,Scion,112,"Mercy Mission",256,"Arcane Surge Support",#1E90FF,1,"Scroll of Wisdom"
0,Scion,112,"Mercy Mission",1,"Chance to Bleed Support",Red,1,"Scroll of Wisdom"
0,Scion,112,"Mercy Mission",121,"Chance to Poison Support",#32CD32,1,"Scroll of Wisdom"
0,Scion,112,"Mercy Mission",258,"Elemental Proliferation Support",#1E90FF,1,"Scroll of Wisdom"
0,Scion,112,"Mercy Mission",276,"Infused Channelling Support",#1E90FF,1,"Scroll of Wisdom"
0,Scion,112,"Mercy Mission",141,"Mirage Archer Support",#32CD32,1,"Scroll of Wisdom"
0,Scion,112,"Mercy Mission",132,"Pierce Support",#32CD32,1,"Scroll of Wisdom"
0,Scion,112,"Mercy Mission",9,"Ruthless Support",Red,1,"Scroll of Wisdom"
0,Scion,112,"Mercy Mission",278,"Spell Cascade Support",#1E90FF,1,"Scroll of Wisdom"
0,Scion,112,"Mercy Mission",280,"Summon Phantasm Support",#1E90FF,1,"Scroll of Wisdom"
0,Scion,112,"Mercy Mission",145,"Swift Assembly Support",#32CD32,1,"Scroll of Wisdom"
0,Scion,112,"Mercy Mission",146,"Volley Support",#32CD32,1,"Scroll of Wisdom"
1,Marauder,112,"Mercy Mission",12,"Ancestral Call Support",Red,1,"Scroll of Wisdom"
1,Marauder,112,"Mercy Mission",1,"Chance to Bleed Support",Red,1,"Scroll of Wisdom"
1,Marauder,112,"Mercy Mission",423,"Momentum Support",#32CD32,1,"Scroll of Wisdom"
1,Marauder,112,"Mercy Mission",146,"Volley Support",#32CD32,1,"Scroll of Wisdom"
2,Ranger,112,"Mercy Mission",12,"Ancestral Call Support",Red,1,"Scroll of Wisdom"
2,Ranger,112,"Mercy Mission",1,"Chance to Bleed Support",Red,1,"Scroll of Wisdom"
2,Ranger,112,"Mercy Mission",121,"Chance to Poison Support",#32CD32,1,"Scroll of Wisdom"
2,Ranger,112,"Mercy Mission",141,"Mirage Archer Support",#32CD32,1,"Scroll of Wisdom"
2,Ranger,112,"Mercy Mission",423,"Momentum Support",#32CD32,1,"Scroll of Wisdom"
2,Ranger,112,"Mercy Mission",145,"Swift Assembly Support",#32CD32,1,"Scroll of Wisdom"
2,Ranger,112,"Mercy Mission",146,"Volley Support",#32CD32,1,"Scroll of Wisdom"
3,Witch,112,"Mercy Mission",258,"Elemental Proliferation Support",#1E90FF,1,"Scroll of Wisdom"
3,Witch,112,"Mercy Mission",276,"Infused Channelling Support",#1E90FF,1,"Scroll of Wisdom"
3,Witch,112,"Mercy Mission",278,"Spell Cascade Support",#1E90FF,1,"Scroll of Wisdom"
3,Witch,112,"Mercy Mission",280,"Summon Phantasm Support",#1E90FF,1,"Scroll of Wisdom"
3,Witch,112,"Mercy Mission",145,"Swift Assembly Support",#32CD32,1,"Scroll of Wisdom"
3,Witch,112,"Mercy Mission",146,"Volley Support",#32CD32,1,"Scroll of Wisdom"
4,Duelist,112,"Mercy Mission",12,"Ancestral Call Support",Red,1,"Scroll of Wisdom"
4,Duelist,112,"Mercy Mission",141,"Mirage Archer Support",#32CD32,1,"Scroll of Wisdom"
4,Duelist,112,"Mercy Mission",423,"Momentum Support",#32CD32,1,"Scroll of Wisdom"
4,Duelist,112,"Mercy Mission",132,"Pierce Support",#32CD32,1,"Scroll of Wisdom"
4,Duelist,112,"Mercy Mission",9,"Ruthless Support",Red,1,"Scroll of Wisdom"
4,Duelist,112,"Mercy Mission",145,"Swift Assembly Support",#32CD32,1,"Scroll of Wisdom"
4,Duelist,112,"Mercy Mission",146,"Volley Support",#32CD32,1,"Scroll of Wisdom"
5,Templar,112,"Mercy Mission",12,"Ancestral Call Support",Red,1,"Scroll of Wisdom"
5,Templar,112,"Mercy Mission",256,"Arcane Surge Support",#1E90FF,1,"Scroll of Wisdom"
5,Templar,112,"Mercy Mission",1,"Chance to Bleed Support",Red,1,"Scroll of Wisdom"
5,Templar,112,"Mercy Mission",276,"Infused Channelling Support",#1E90FF,1,"Scroll of Wisdom"
5,Templar,112,"Mercy Mission",423,"Momentum Support",#32CD32,1,"Scroll of Wisdom"
5,Templar,112,"Mercy Mission",9,"Ruthless Support",Red,1,"Scroll of Wisdom"
5,Templar,112,"Mercy Mission",278,"Spell Cascade Support",#1E90FF,1,"Scroll of Wisdom"
5,Templar,112,"Mercy Mission",280,"Summon Phantasm Support",#1E90FF,1,"Scroll of Wisdom"
6,Shadow,112,"Mercy Mission",256,"Arcane Surge Support",#1E90FF,1,"Scroll of Wisdom"
6,Shadow,112,"Mercy Mission",258,"Elemental Proliferation Support",#1E90FF,1,"Scroll of Wisdom"
6,Shadow,112,"Mercy Mission",276,"Infused Channelling Support",#1E90FF,1,"Scroll of Wisdom"
6,Shadow,112,"Mercy Mission",141,"Mirage Archer Support",#32CD32,1,"Scroll of Wisdom"
6,Shadow,112,"Mercy Mission",423,"Momentum Support",#32CD32,1,"Scroll of Wisdom"
6,Shadow,112,"Mercy Mission",132,"Pierce Support",#32CD32,1,"Scroll of Wisdom"
6,Shadow,112,"Mercy Mission",278,"Spell Cascade Support",#1E90FF,1,"Scroll of Wisdom"
6,Shadow,112,"Mercy Mission",280,"Summon Phantasm Support",#1E90FF,1,"Scroll of Wisdom"
6,Shadow,112,"Mercy Mission",145,"Swift Assembly Support",#32CD32,1,"Scroll of Wisdom"
6,Shadow,112,"Mercy Mission",146,"Volley Support",#32CD32,1,"Scroll of Wisdom"
0,Scion,113,"Breaking Some Eggs",139,Dash,#32CD32,1,"Scroll of Wisdom"
0,Scion,113,"Breaking Some Eggs",275,Frostblink,#1E90FF,1,"Scroll of Wisdom"
0,Scion,113,"Breaking Some Eggs",21,Steelskin,Red,1,"Scroll of Wisdom"
1,Marauder,113,"Breaking Some Eggs",139,Dash,#32CD32,1,"Scroll of Wisdom"
1,Marauder,113,"Breaking Some Eggs",275,Frostblink,#1E90FF,1,"Scroll of Wisdom"
1,Marauder,113,"Breaking Some Eggs",21,Steelskin,Red,1,"Scroll of Wisdom"
2,Ranger,113,"Breaking Some Eggs",139,Dash,#32CD32,1,"Scroll of Wisdom"
2,Ranger,113,"Breaking Some Eggs",275,Frostblink,#1E90FF,1,"Scroll of Wisdom"
2,Ranger,113,"Breaking Some Eggs",21,Steelskin,Red,1,"Scroll of Wisdom"
3,Witch,113,"Breaking Some Eggs",139,Dash,#32CD32,1,"Scroll of Wisdom"
3,Witch,113,"Breaking Some Eggs",275,Frostblink,#1E90FF,1,"Scroll of Wisdom"
3,Witch,113,"Breaking Some Eggs",21,Steelskin,Red,1,"Scroll of Wisdom"
4,Duelist,113,"Breaking Some Eggs",139,Dash,#32CD32,1,"Scroll of Wisdom"
4,Duelist,113,"Breaking Some Eggs",275,Frostblink,#1E90FF,1,"Scroll of Wisdom"
4,Duelist,113,"Breaking Some Eggs",21,Steelskin,Red,1,"Scroll of Wisdom"
5,Templar,113,"Breaking Some Eggs",139,Dash,#32CD32,1,"Scroll of Wisdom"
5,Templar,113,"Breaking Some Eggs",275,Frostblink,#1E90FF,1,"Scroll of Wisdom"
5,Templar,113,"Breaking Some Eggs",21,Steelskin,Red,1,"Scroll of Wisdom"
6,Shadow,113,"Breaking Some Eggs",139,Dash,#32CD32,1,"Scroll of Wisdom"
6,Shadow,113,"Breaking Some Eggs",275,Frostblink,#1E90FF,1,"Scroll of Wisdom"
6,Shadow,113,"Breaking Some Eggs",21,Steelskin,Red,1,"Scroll of Wisdom"
0,Scion,113,"Breaking Some Eggs",13,"Ancestral Protector",Red,1,"Scroll of Wisdom"
0,Scion,113,"Breaking Some Eggs",137,"Animate Weapon",#32CD32,1,"Scroll of Wisdom"
0,Scion,113,"Breaking Some Eggs",138,"Bear Trap",#32CD32,1,"Scroll of Wisdom"
0,Scion,113,"Breaking Some Eggs",14,"Blood and Sand",Red,1,"Scroll of Wisdom"
0,Scion,113,"Breaking Some Eggs",270,Contagion,#1E90FF,1,"Scroll of Wisdom"
0,Scion,113,"Breaking Some Eggs",271,"Conversion Trap",#1E90FF,1,"Scroll of Wisdom"
0,Scion,113,"Breaking Some Eggs",15,"Decoy Totem",Red,1,"Scroll of Wisdom"
0,Scion,113,"Breaking Some Eggs",16,"Devouring Totem",Red,1,"Scroll of Wisdom"
0,Scion,113,"Breaking Some Eggs",272,"Flame Wall",#1E90FF,1,"Scroll of Wisdom"
0,Scion,113,"Breaking Some Eggs",273,"Frost Bomb",#1E90FF,1,"Scroll of Wisdom"
0,Scion,113,"Breaking Some Eggs",18,"Molten Shell",Red,1,"Scroll of Wisdom"
0,Scion,113,"Breaking Some Eggs",277,"Orb of Storms",#1E90FF,1,"Scroll of Wisdom"
0,Scion,113,"Breaking Some Eggs",20,"Rejuvenation Totem",Red,1,"Scroll of Wisdom"
0,Scion,113,"Breaking Some Eggs",144,"Shrapnel Ballista",#32CD32,1,"Scroll of Wisdom"
0,Scion,113,"Breaking Some Eggs",281,"Summon Raging Spirit",#1E90FF,1,"Scroll of Wisdom"
0,Scion,113,"Breaking Some Eggs",22,"Vigilant Strike",Red,1,"Scroll of Wisdom"
0,Scion,113,"Breaking Some Eggs",23,"War Banner",Red,1,"Scroll of Wisdom"
1,Marauder,113,"Breaking Some Eggs",13,"Ancestral Protector",Red,1,"Scroll of Wisdom"
1,Marauder,113,"Breaking Some Eggs",138,"Bear Trap",#32CD32,1,"Scroll of Wisdom"
1,Marauder,113,"Breaking Some Eggs",14,"Blood and Sand",Red,1,"Scroll of Wisdom"
1,Marauder,113,"Breaking Some Eggs",15,"Decoy Totem",Red,1,"Scroll of Wisdom"
1,Marauder,113,"Breaking Some Eggs",16,"Devouring Totem",Red,1,"Scroll of Wisdom"
1,Marauder,113,"Breaking Some Eggs",17,"Holy Flame Totem",Red,1,"Scroll of Wisdom"
1,Marauder,113,"Breaking Some Eggs",18,"Molten Shell",Red,1,"Scroll of Wisdom"
1,Marauder,113,"Breaking Some Eggs",19,Reckoning,Red,1,"Scroll of Wisdom"
1,Marauder,113,"Breaking Some Eggs",20,"Rejuvenation Totem",Red,1,"Scroll of Wisdom"
1,Marauder,113,"Breaking Some Eggs",143,Riposte,#32CD32,1,"Scroll of Wisdom"
1,Marauder,113,"Breaking Some Eggs",144,"Shrapnel Ballista",#32CD32,1,"Scroll of Wisdom"
1,Marauder,113,"Breaking Some Eggs",22,"Vigilant Strike",Red,1,"Scroll of Wisdom"
1,Marauder,113,"Breaking Some Eggs",23,"War Banner",Red,1,"Scroll of Wisdom"
2,Ranger,113,"Breaking Some Eggs",138,"Bear Trap",#32CD32,1,"Scroll of Wisdom"
2,Ranger,113,"Breaking Some Eggs",14,"Blood and Sand",Red,1,"Scroll of Wisdom"
2,Ranger,113,"Breaking Some Eggs",271,"Conversion Trap",#1E90FF,1,"Scroll of Wisdom"
2,Ranger,113,"Breaking Some Eggs",15,"Decoy Totem",Red,1,"Scroll of Wisdom"
2,Ranger,113,"Breaking Some Eggs",140,"Detonate Dead",#32CD32,1,"Scroll of Wisdom"
2,Ranger,113,"Breaking Some Eggs",16,"Devouring Totem",Red,1,"Scroll of Wisdom"
2,Ranger,113,"Breaking Some Eggs",142,Puncture,#32CD32,1,"Scroll of Wisdom"
2,Ranger,113,"Breaking Some Eggs",143,Riposte,#32CD32,1,"Scroll of Wisdom"
2,Ranger,113,"Breaking Some Eggs",144,"Shrapnel Ballista",#32CD32,1,"Scroll of Wisdom"
2,Ranger,113,"Breaking Some Eggs",22,"Vigilant Strike",Red,1,"Scroll of Wisdom"
2,Ranger,113,"Breaking Some Eggs",23,"War Banner",Red,1,"Scroll of Wisdom"
3,Witch,113,"Breaking Some Eggs",137,"Animate Weapon",#32CD32,1,"Scroll of Wisdom"
3,Witch,113,"Breaking Some Eggs",270,Contagion,#1E90FF,1,"Scroll of Wisdom"
3,Witch,113,"Breaking Some Eggs",271,"Conversion Trap",#1E90FF,1,"Scroll of Wisdom"
3,Witch,113,"Breaking Some Eggs",140,"Detonate Dead",#32CD32,1,"Scroll of Wisdom"
3,Witch,113,"Breaking Some Eggs",16,"Devouring Totem",Red,1,"Scroll of Wisdom"
3,Witch,113,"Breaking Some Eggs",272,"Flame Wall",#1E90FF,1,"Scroll of Wisdom"
3,Witch,113,"Breaking Some Eggs",273,"Frost Bomb",#1E90FF,1,"Scroll of Wisdom"
3,Witch,113,"Breaking Some Eggs",274,"Frost Wall",#1E90FF,1,"Scroll of Wisdom"
3,Witch,113,"Breaking Some Eggs",17,"Holy Flame Totem",Red,1,"Scroll of Wisdom"
3,Witch,113,"Breaking Some Eggs",277,"Orb of Storms",#1E90FF,1,"Scroll of Wisdom"
3,Witch,113,"Breaking Some Eggs",279,"Summon Holy Relic",#1E90FF,1,"Scroll of Wisdom"
3,Witch,113,"Breaking Some Eggs",281,"Summon Raging Spirit",#1E90FF,1,"Scroll of Wisdom"
4,Duelist,113,"Breaking Some Eggs",13,"Ancestral Protector",Red,1,"Scroll of Wisdom"
4,Duelist,113,"Breaking Some Eggs",14,"Blood and Sand",Red,1,"Scroll of Wisdom"
4,Duelist,113,"Breaking Some Eggs",15,"Decoy Totem",Red,1,"Scroll of Wisdom"
4,Duelist,113,"Breaking Some Eggs",16,"Devouring Totem",Red,1,"Scroll of Wisdom"
4,Duelist,113,"Breaking Some Eggs",274,"Frost Wall",#1E90FF,1,"Scroll of Wisdom"
4,Duelist,113,"Breaking Some Eggs",18,"Molten Shell",Red,1,"Scroll of Wisdom"
4,Duelist,113,"Breaking Some Eggs",142,Puncture,#32CD32,1,"Scroll of Wisdom"
4,Duelist,113,"Breaking Some Eggs",19,Reckoning,Red,1,"Scroll of Wisdom"
4,Duelist,113,"Breaking Some Eggs",20,"Rejuvenation Totem",Red,1,"Scroll of Wisdom"
4,Duelist,113,"Breaking Some Eggs",143,Riposte,#32CD32,1,"Scroll of Wisdom"
4,Duelist,113,"Breaking Some Eggs",144,"Shrapnel Ballista",#32CD32,1,"Scroll of Wisdom"
4,Duelist,113,"Breaking Some Eggs",22,"Vigilant Strike",Red,1,"Scroll of Wisdom"
4,Duelist,113,"Breaking Some Eggs",23,"War Banner",Red,1,"Scroll of Wisdom"
5,Templar,113,"Breaking Some Eggs",13,"Ancestral Protector",Red,1,"Scroll of Wisdom"
5,Templar,113,"Breaking Some Eggs",270,Contagion,#1E90FF,1,"Scroll of Wisdom"
5,Templar,113,"Breaking Some Eggs",15,"Decoy Totem",Red,1,"Scroll of Wisdom"
5,Templar,113,"Breaking Some Eggs",16,"Devouring Totem",Red,1,"Scroll of Wisdom"
5,Templar,113,"Breaking Some Eggs",272,"Flame Wall",#1E90FF,1,"Scroll of Wisdom"
5,Templar,113,"Breaking Some Eggs",273,"Frost Bomb",#1E90FF,1,"Scroll of Wisdom"
5,Templar,113,"Breaking Some Eggs",274,"Frost Wall",#1E90FF,1,"Scroll of Wisdom"
5,Templar,113,"Breaking Some Eggs",17,"Holy Flame Totem",Red,1,"Scroll of Wisdom"
5,Templar,113,"Breaking Some Eggs",18,"Molten Shell",Red,1,"Scroll of Wisdom"
5,Templar,113,"Breaking Some Eggs",277,"Orb of Storms",#1E90FF,1,"Scroll of Wisdom"
5,Templar,113,"Breaking Some Eggs",19,Reckoning,Red,1,"Scroll of Wisdom"
5,Templar,113,"Breaking Some Eggs",20,"Rejuvenation Totem",Red,1,"Scroll of Wisdom"
5,Templar,113,"Breaking Some Eggs",279,"Summon Holy Relic",#1E90FF,1,"Scroll of Wisdom"
5,Templar,113,"Breaking Some Eggs",281,"Summon Raging Spirit",#1E90FF,1,"Scroll of Wisdom"
5,Templar,113,"Breaking Some Eggs",22,"Vigilant Strike",Red,1,"Scroll of Wisdom"
5,Templar,113,"Breaking Some Eggs",23,"War Banner",Red,1,"Scroll of Wisdom"
6,Shadow,113,"Breaking Some Eggs",137,"Animate Weapon",#32CD32,1,"Scroll of Wisdom"
6,Shadow,113,"Breaking Some Eggs",138,"Bear Trap",#32CD32,1,"Scroll of Wisdom"
6,Shadow,113,"Breaking Some Eggs",270,Contagion,#1E90FF,1,"Scroll of Wisdom"
6,Shadow,113,"Breaking Some Eggs",271,"Conversion Trap",#1E90FF,1,"Scroll of Wisdom"
6,Shadow,113,"Breaking Some Eggs",140,"Detonate Dead",#32CD32,1,"Scroll of Wisdom"
6,Shadow,113,"Breaking Some Eggs",272,"Flame Wall",#1E90FF,1,"Scroll of Wisdom"
6,Shadow,113,"Breaking Some Eggs",273,"Frost Bomb",#1E90FF,1,"Scroll of Wisdom"
6,Shadow,113,"Breaking Some Eggs",277,"Orb of Storms",#1E90FF,1,"Scroll of Wisdom"
6,Shadow,113,"Breaking Some Eggs",142,Puncture,#32CD32,1,"Scroll of Wisdom"
6,Shadow,113,"Breaking Some Eggs",143,Riposte,#32CD32,1,"Scroll of Wisdom"
6,Shadow,113,"Breaking Some Eggs",144,"Shrapnel Ballista",#32CD32,1,"Scroll of Wisdom"
6,Shadow,113,"Breaking Some Eggs",204,"Snipers Mark",#32CD32,1,"Orb of Alteration"
4,Duelist,113,"Breaking Some Eggs",204,"Snipers Mark",#32CD32,1,"Orb of Alteration"
2,Ranger,113,"Breaking Some Eggs",204,"Snipers Mark",#32CD32,1,"Orb of Alteration"
0,Scion,113,"Breaking Some Eggs",204,"Snipers Mark",#32CD32,1,"Orb of Alteration"
2,Ranger,1145,"The Caged Brute 2",424,"Manaforged Arrows Support",#32CD32,1,"Orb of Transmutation"
0,Scion,1145,"The Caged Brute 2",424,"Manaforged Arrows Support",#32CD32,1,"Orb of Transmutation"
6,Shadow,1145,"The Caged Brute 2",424,"Manaforged Arrows Support",#32CD32,1,"Orb of Transmutation"
0,Scion,115,"The Sirens Cadence",164,Barrage,#32CD32,1,"Orb of Transmutation"
0,Scion,115,"The Sirens Cadence",166,"Blade Vortex",#32CD32,1,"Orb of Transmutation"
0,Scion,115,"The Sirens Cadence",299,"Bone Offering",#1E90FF,1,"Orb of Transmutation"
0,Scion,115,"The Sirens Cadence",40,"Chain Hook",Red,1,"Orb of Transmutation"
0,Scion,115,"The Sirens Cadence",300,"Creeping Frost",#1E90FF,1,"Orb of Transmutation"
0,Scion,115,"The Sirens Cadence",41,Earthshatter,Red,1,"Orb of Transmutation"
0,Scion,115,"The Sirens Cadence",167,"Elemental Hit",#32CD32,1,"Orb of Transmutation"
0,Scion,115,"The Sirens Cadence",301,"Essence Drain",#1E90FF,1,"Orb of Transmutation"
0,Scion,115,"The Sirens Cadence",168,"Fire Trap",#32CD32,1,"Orb of Transmutation"
0,Scion,115,"The Sirens Cadence",302,"Flame Surge",#1E90FF,1,"Orb of Transmutation"
0,Scion,115,"The Sirens Cadence",303,"Flesh Offering",#1E90FF,1,"Orb of Transmutation"
0,Scion,115,"The Sirens Cadence",304,"Ice Nova",#1E90FF,1,"Orb of Transmutation"
0,Scion,115,"The Sirens Cadence",305,"Ice Spear",#1E90FF,1,"Orb of Transmutation"
0,Scion,115,"The Sirens Cadence",306,"Icicle Mine",#1E90FF,1,"Orb of Transmutation"
0,Scion,115,"The Sirens Cadence",307,Incinerate,#1E90FF,1,"Orb of Transmutation"
0,Scion,115,"The Sirens Cadence",43,"Infernal Blow",Red,1,"Orb of Transmutation"
0,Scion,115,"The Sirens Cadence",169,Lacerate,#32CD32,1,"Orb of Transmutation"
0,Scion,115,"The Sirens Cadence",171,"Lightning Strike",#32CD32,1,"Orb of Transmutation"
0,Scion,115,"The Sirens Cadence",308,"Lightning Trap",#1E90FF,1,"Orb of Transmutation"
0,Scion,115,"The Sirens Cadence",310,"Power Siphon",#1E90FF,1,"Orb of Transmutation"
0,Scion,115,"The Sirens Cadence",173,"Rain of Arrows",#32CD32,1,"Orb of Transmutation"
0,Scion,115,"The Sirens Cadence",311,"Scorching Ray",#1E90FF,1,"Orb of Transmutation"
0,Scion,115,"The Sirens Cadence",175,"Shattering Steel",#32CD32,1,"Orb of Transmutation"
0,Scion,115,"The Sirens Cadence",176,"Siege Ballista",#32CD32,1,"Orb of Transmutation"
0,Scion,115,"The Sirens Cadence",312,"Spirit Offering",#1E90FF,1,"Orb of Transmutation"
0,Scion,115,"The Sirens Cadence",45,"Static Strike",Red,1,"Orb of Transmutation"
0,Scion,115,"The Sirens Cadence",313,"Storm Brand",#1E90FF,1,"Orb of Transmutation"
0,Scion,115,"The Sirens Cadence",314,"Storm Burst",#1E90FF,1,"Orb of Transmutation"
0,Scion,115,"The Sirens Cadence",315,"Storm Call",#1E90FF,1,"Orb of Transmutation"
0,Scion,115,"The Sirens Cadence",46,Sunder,Red,1,"Orb of Transmutation"
0,Scion,115,"The Sirens Cadence",178,"Toxic Rain",#32CD32,1,"Orb of Transmutation"
0,Scion,115,"The Sirens Cadence",179,"Venom Gyre",#32CD32,1,"Orb of Transmutation"
0,Scion,115,"The Sirens Cadence",180,"Volatile Dead",#32CD32,1,"Orb of Transmutation"
0,Scion,115,"The Sirens Cadence",317,"Wintertide Brand",#1E90FF,1,"Orb of Transmutation"
1,Marauder,115,"The Sirens Cadence",40,"Chain Hook",Red,1,"Orb of Transmutation"
1,Marauder,115,"The Sirens Cadence",41,Earthshatter,Red,1,"Orb of Transmutation"
1,Marauder,115,"The Sirens Cadence",43,"Infernal Blow",Red,1,"Orb of Transmutation"
1,Marauder,115,"The Sirens Cadence",169,Lacerate,#32CD32,1,"Orb of Transmutation"
1,Marauder,115,"The Sirens Cadence",44,"Searing Bond",Red,1,"Orb of Transmutation"
1,Marauder,115,"The Sirens Cadence",175,"Shattering Steel",#32CD32,1,"Orb of Transmutation"
1,Marauder,115,"The Sirens Cadence",45,"Static Strike",Red,1,"Orb of Transmutation"
1,Marauder,115,"The Sirens Cadence",46,Sunder,Red,1,"Orb of Transmutation"
1,Marauder,115,"The Sirens Cadence",47,Sweep,Red,1,"Orb of Transmutation"
2,Ranger,115,"The Sirens Cadence",164,Barrage,#32CD32,1,"Orb of Transmutation"
2,Ranger,115,"The Sirens Cadence",166,"Blade Vortex",#32CD32,1,"Orb of Transmutation"
2,Ranger,115,"The Sirens Cadence",167,"Elemental Hit",#32CD32,1,"Orb of Transmutation"
2,Ranger,115,"The Sirens Cadence",168,"Fire Trap",#32CD32,1,"Orb of Transmutation"
2,Ranger,115,"The Sirens Cadence",43,"Infernal Blow",Red,1,"Orb of Transmutation"
2,Ranger,115,"The Sirens Cadence",169,Lacerate,#32CD32,1,"Orb of Transmutation"
2,Ranger,115,"The Sirens Cadence",170,"Lightning Arrow",#32CD32,1,"Orb of Transmutation"
2,Ranger,115,"The Sirens Cadence",171,"Lightning Strike",#32CD32,1,"Orb of Transmutation"
2,Ranger,115,"The Sirens Cadence",308,"Lightning Trap",#1E90FF,1,"Orb of Transmutation"
2,Ranger,115,"The Sirens Cadence",173,"Rain of Arrows",#32CD32,1,"Orb of Transmutation"
2,Ranger,115,"The Sirens Cadence",174,Reave,#32CD32,1,"Orb of Transmutation"
2,Ranger,115,"The Sirens Cadence",175,"Shattering Steel",#32CD32,1,"Orb of Transmutation"
2,Ranger,115,"The Sirens Cadence",176,"Siege Ballista",#32CD32,1,"Orb of Transmutation"
2,Ranger,115,"The Sirens Cadence",45,"Static Strike",Red,1,"Orb of Transmutation"
2,Ranger,115,"The Sirens Cadence",178,"Toxic Rain",#32CD32,1,"Orb of Transmutation"
2,Ranger,115,"The Sirens Cadence",179,"Venom Gyre",#32CD32,1,"Orb of Transmutation"
2,Ranger,115,"The Sirens Cadence",180,"Volatile Dead",#32CD32,1,"Orb of Transmutation"
3,Witch,115,"The Sirens Cadence",297,Arc,#1E90FF,1,"Orb of Transmutation"
3,Witch,115,"The Sirens Cadence",166,"Blade Vortex",#32CD32,1,"Orb of Transmutation"
3,Witch,115,"The Sirens Cadence",299,"Bone Offering",#1E90FF,1,"Orb of Transmutation"
3,Witch,115,"The Sirens Cadence",300,"Creeping Frost",#1E90FF,1,"Orb of Transmutation"
3,Witch,115,"The Sirens Cadence",301,"Essence Drain",#1E90FF,1,"Orb of Transmutation"
3,Witch,115,"The Sirens Cadence",168,"Fire Trap",#32CD32,1,"Orb of Transmutation"
3,Witch,115,"The Sirens Cadence",302,"Flame Surge",#1E90FF,1,"Orb of Transmutation"
3,Witch,115,"The Sirens Cadence",303,"Flesh Offering",#1E90FF,1,"Orb of Transmutation"
3,Witch,115,"The Sirens Cadence",304,"Ice Nova",#1E90FF,1,"Orb of Transmutation"
3,Witch,115,"The Sirens Cadence",305,"Ice Spear",#1E90FF,1,"Orb of Transmutation"
3,Witch,115,"The Sirens Cadence",306,"Icicle Mine",#1E90FF,1,"Orb of Transmutation"
3,Witch,115,"The Sirens Cadence",307,Incinerate,#1E90FF,1,"Orb of Transmutation"
3,Witch,115,"The Sirens Cadence",308,"Lightning Trap",#1E90FF,1,"Orb of Transmutation"
3,Witch,115,"The Sirens Cadence",310,"Power Siphon",#1E90FF,1,"Orb of Transmutation"
3,Witch,115,"The Sirens Cadence",311,"Scorching Ray",#1E90FF,1,"Orb of Transmutation"
3,Witch,115,"The Sirens Cadence",44,"Searing Bond",Red,1,"Orb of Transmutation"
3,Witch,115,"The Sirens Cadence",312,"Spirit Offering",#1E90FF,1,"Orb of Transmutation"
3,Witch,115,"The Sirens Cadence",313,"Storm Brand",#1E90FF,1,"Orb of Transmutation"
3,Witch,115,"The Sirens Cadence",314,"Storm Burst",#1E90FF,1,"Orb of Transmutation"
3,Witch,115,"The Sirens Cadence",315,"Storm Call",#1E90FF,1,"Orb of Transmutation"
3,Witch,115,"The Sirens Cadence",180,"Volatile Dead",#32CD32,1,"Orb of Transmutation"
3,Witch,115,"The Sirens Cadence",317,"Wintertide Brand",#1E90FF,1,"Orb of Transmutation"
4,Duelist,115,"The Sirens Cadence",164,Barrage,#32CD32,1,"Orb of Transmutation"
4,Duelist,115,"The Sirens Cadence",40,"Chain Hook",Red,1,"Orb of Transmutation"
4,Duelist,115,"The Sirens Cadence",41,Earthshatter,Red,1,"Orb of Transmutation"
4,Duelist,115,"The Sirens Cadence",167,"Elemental Hit",#32CD32,1,"Orb of Transmutation"
4,Duelist,115,"The Sirens Cadence",43,"Infernal Blow",Red,1,"Orb of Transmutation"
4,Duelist,115,"The Sirens Cadence",169,Lacerate,#32CD32,1,"Orb of Transmutation"
4,Duelist,115,"The Sirens Cadence",170,"Lightning Arrow",#32CD32,1,"Orb of Transmutation"
4,Duelist,115,"The Sirens Cadence",171,"Lightning Strike",#32CD32,1,"Orb of Transmutation"
4,Duelist,115,"The Sirens Cadence",173,"Rain of Arrows",#32CD32,1,"Orb of Transmutation"
4,Duelist,115,"The Sirens Cadence",174,Reave,#32CD32,1,"Orb of Transmutation"
4,Duelist,115,"The Sirens Cadence",175,"Shattering Steel",#32CD32,1,"Orb of Transmutation"
4,Duelist,115,"The Sirens Cadence",176,"Siege Ballista",#32CD32,1,"Orb of Transmutation"
4,Duelist,115,"The Sirens Cadence",45,"Static Strike",Red,1,"Orb of Transmutation"
4,Duelist,115,"The Sirens Cadence",46,Sunder,Red,1,"Orb of Transmutation"
4,Duelist,115,"The Sirens Cadence",47,Sweep,Red,1,"Orb of Transmutation"
4,Duelist,115,"The Sirens Cadence",178,"Toxic Rain",#32CD32,1,"Orb of Transmutation"
5,Templar,115,"The Sirens Cadence",297,Arc,#1E90FF,1,"Orb of Transmutation"
5,Templar,115,"The Sirens Cadence",299,"Bone Offering",#1E90FF,1,"Orb of Transmutation"
5,Templar,115,"The Sirens Cadence",300,"Creeping Frost",#1E90FF,1,"Orb of Transmutation"
5,Templar,115,"The Sirens Cadence",41,Earthshatter,Red,1,"Orb of Transmutation"
5,Templar,115,"The Sirens Cadence",301,"Essence Drain",#1E90FF,1,"Orb of Transmutation"
5,Templar,115,"The Sirens Cadence",302,"Flame Surge",#1E90FF,1,"Orb of Transmutation"
5,Templar,115,"The Sirens Cadence",303,"Flesh Offering",#1E90FF,1,"Orb of Transmutation"
5,Templar,115,"The Sirens Cadence",304,"Ice Nova",#1E90FF,1,"Orb of Transmutation"
5,Templar,115,"The Sirens Cadence",305,"Ice Spear",#1E90FF,1,"Orb of Transmutation"
5,Templar,115,"The Sirens Cadence",306,"Icicle Mine",#1E90FF,1,"Orb of Transmutation"
5,Templar,115,"The Sirens Cadence",307,Incinerate,#1E90FF,1,"Orb of Transmutation"
5,Templar,115,"The Sirens Cadence",43,"Infernal Blow",Red,1,"Orb of Transmutation"
5,Templar,115,"The Sirens Cadence",169,Lacerate,#32CD32,1,"Orb of Transmutation"
5,Templar,115,"The Sirens Cadence",171,"Lightning Strike",#32CD32,1,"Orb of Transmutation"
5,Templar,115,"The Sirens Cadence",311,"Scorching Ray",#1E90FF,1,"Orb of Transmutation"
5,Templar,115,"The Sirens Cadence",44,"Searing Bond",Red,1,"Orb of Transmutation"
5,Templar,115,"The Sirens Cadence",312,"Spirit Offering",#1E90FF,1,"Orb of Transmutation"
5,Templar,115,"The Sirens Cadence",45,"Static Strike",Red,1,"Orb of Transmutation"
5,Templar,115,"The Sirens Cadence",313,"Storm Brand",#1E90FF,1,"Orb of Transmutation"
5,Templar,115,"The Sirens Cadence",314,"Storm Burst",#1E90FF,1,"Orb of Transmutation"
5,Templar,115,"The Sirens Cadence",315,"Storm Call",#1E90FF,1,"Orb of Transmutation"
5,Templar,115,"The Sirens Cadence",46,Sunder,Red,1,"Orb of Transmutation"
5,Templar,115,"The Sirens Cadence",47,Sweep,Red,1,"Orb of Transmutation"
5,Templar,115,"The Sirens Cadence",180,"Volatile Dead",#32CD32,1,"Orb of Transmutation"
5,Templar,115,"The Sirens Cadence",317,"Wintertide Brand",#1E90FF,1,"Orb of Transmutation"
6,Shadow,115,"The Sirens Cadence",297,Arc,#1E90FF,1,"Orb of Transmutation"
6,Shadow,115,"The Sirens Cadence",164,Barrage,#32CD32,1,"Orb of Transmutation"
6,Shadow,115,"The Sirens Cadence",166,"Blade Vortex",#32CD32,1,"Orb of Transmutation"
6,Shadow,115,"The Sirens Cadence",300,"Creeping Frost",#1E90FF,1,"Orb of Transmutation"
6,Shadow,115,"The Sirens Cadence",167,"Elemental Hit",#32CD32,1,"Orb of Transmutation"
6,Shadow,115,"The Sirens Cadence",301,"Essence Drain",#1E90FF,1,"Orb of Transmutation"
6,Shadow,115,"The Sirens Cadence",168,"Fire Trap",#32CD32,1,"Orb of Transmutation"
6,Shadow,115,"The Sirens Cadence",302,"Flame Surge",#1E90FF,1,"Orb of Transmutation"
6,Shadow,115,"The Sirens Cadence",304,"Ice Nova",#1E90FF,1,"Orb of Transmutation"
6,Shadow,115,"The Sirens Cadence",305,"Ice Spear",#1E90FF,1,"Orb of Transmutation"
6,Shadow,115,"The Sirens Cadence",306,"Icicle Mine",#1E90FF,1,"Orb of Transmutation"
6,Shadow,115,"The Sirens Cadence",307,Incinerate,#1E90FF,1,"Orb of Transmutation"
6,Shadow,115,"The Sirens Cadence",169,Lacerate,#32CD32,1,"Orb of Transmutation"
6,Shadow,115,"The Sirens Cadence",170,"Lightning Arrow",#32CD32,1,"Orb of Transmutation"
6,Shadow,115,"The Sirens Cadence",171,"Lightning Strike",#32CD32,1,"Orb of Transmutation"
6,Shadow,115,"The Sirens Cadence",308,"Lightning Trap",#1E90FF,1,"Orb of Transmutation"
6,Shadow,115,"The Sirens Cadence",310,"Power Siphon",#1E90FF,1,"Orb of Transmutation"
6,Shadow,115,"The Sirens Cadence",173,"Rain of Arrows",#32CD32,1,"Orb of Transmutation"
6,Shadow,115,"The Sirens Cadence",174,Reave,#32CD32,1,"Orb of Transmutation"
6,Shadow,115,"The Sirens Cadence",311,"Scorching Ray",#1E90FF,1,"Orb of Transmutation"
6,Shadow,115,"The Sirens Cadence",176,"Siege Ballista",#32CD32,1,"Orb of Transmutation"
6,Shadow,115,"The Sirens Cadence",314,"Storm Burst",#1E90FF,1,"Orb of Transmutation"
6,Shadow,115,"The Sirens Cadence",315,"Storm Call",#1E90FF,1,"Orb of Transmutation"
6,Shadow,115,"The Sirens Cadence",178,"Toxic Rain",#32CD32,1,"Orb of Transmutation"
6,Shadow,115,"The Sirens Cadence",179,"Venom Gyre",#32CD32,1,"Orb of Transmutation"
6,Shadow,115,"The Sirens Cadence",180,"Volatile Dead",#32CD32,1,"Orb of Transmutation"
6,Shadow,115,"The Sirens Cadence",317,"Wintertide Brand",#1E90FF,1,"Orb of Transmutation"
0,Scion,115,"The Sirens Cadence",177,"Spectral Helix",#32CD32,1,"Orb of Transmutation"
5,Templar,115,"The Sirens Cadence",39,Absolution,Red,1,"Orb of Transmutation"
2,Ranger,115,"The Sirens Cadence",177,"Spectral Helix",#32CD32,1,"Orb of Transmutation"
6,Shadow,115,"The Sirens Cadence",177,"Spectral Helix",#32CD32,1,"Orb of Transmutation"
3,Witch,115,"The Sirens Cadence",39,Absolution,Red,1,"Orb of Transmutation"
0,Scion,115,"The Sirens Cadence",39,Absolution,Red,1,"Orb of Transmutation"
1,Marauder,115,"The Sirens Cadence",39,Absolution,Red,1,"Orb of Transmutation"
1,Marauder,115,"The Sirens Cadence",177,"Spectral Helix",#32CD32,1,"Orb of Transmutation"
4,Duelist,115,"The Sirens Cadence",177,"Spectral Helix",#32CD32,1,"Orb of Transmutation"
5,Templar,115,"The Sirens Cadence",177,"Spectral Helix",#32CD32,1,"Orb of Transmutation"
4,Duelist,115,"The Sirens Cadence",172,"Poisonous Concoction",#32CD32,1,"Orb of Transmutation"
6,Shadow,115,"The Sirens Cadence",172,"Poisonous Concoction",#32CD32,1,"Orb of Transmutation"
0,Scion,115,"The Sirens Cadence",42,Exsanguinate,Red,1,"Orb of Transmutation"
1,Marauder,115,"The Sirens Cadence",42,Exsanguinate,Red,1,"Orb of Transmutation"
3,Witch,115,"The Sirens Cadence",42,Exsanguinate,Red,1,"Orb of Transmutation"
6,Shadow,115,"The Sirens Cadence",42,Exsanguinate,Red,1,"Orb of Transmutation"
5,Templar,115,"The Sirens Cadence",42,Exsanguinate,Red,1,"Orb of Transmutation"
5,Templar,115,"The Sirens Cadence",419,"Volcanic Fissure",Red,1,"Orb of Transmutation"
0,Scion,115,"The Sirens Cadence",419,"Volcanic Fissure",Red,1,"Orb of Transmutation"
1,Marauder,115,"The Sirens Cadence",419,"Volcanic Fissure",Red,1,"Orb of Transmutation"
4,Duelist,115,"The Sirens Cadence",419,"Volcanic Fissure",Red,1,"Orb of Transmutation"
0,Scion,115,"The Sirens Cadence",298,"Blazing Salvo",#1E90FF,1,"Orb of Transmutation"
3,Witch,115,"The Sirens Cadence",298,"Blazing Salvo",#1E90FF,1,"Orb of Transmutation"
5,Templar,115,"The Sirens Cadence",298,"Blazing Salvo",#1E90FF,1,"Orb of Transmutation"
6,Shadow,115,"The Sirens Cadence",298,"Blazing Salvo",#1E90FF,1,"Orb of Transmutation"
0,Scion,211,"Intruders in Black",181,"Arctic Armour",#32CD32,1,"Orb of Alteration"
0,Scion,211,"Intruders in Black",186,Frenzy,#32CD32,1,"Orb of Alteration"
0,Scion,211,"Intruders in Black",52,"Herald of Ash",Red,1,"Orb of Alteration"
0,Scion,211,"Intruders in Black",188,"Herald of Ice",#32CD32,1,"Orb of Alteration"
0,Scion,211,"Intruders in Black",322,"Herald of Thunder",#1E90FF,1,"Orb of Alteration"
1,Marauder,211,"Intruders in Black",48,"Ancestral Cry",Red,1,"Orb of Alteration"
1,Marauder,211,"Intruders in Black",52,"Herald of Ash",Red,1,"Orb of Alteration"
1,Marauder,211,"Intruders in Black",188,"Herald of Ice",#32CD32,1,"Orb of Alteration"
1,Marauder,211,"Intruders in Black",322,"Herald of Thunder",#1E90FF,1,"Orb of Alteration"
1,Marauder,211,"Intruders in Black",54,"Seismic Cry",Red,1,"Orb of Alteration"
2,Ranger,211,"Intruders in Black",181,"Arctic Armour",#32CD32,1,"Orb of Alteration"
2,Ranger,211,"Intruders in Black",183,"Blood Rage",#32CD32,1,"Orb of Alteration"
2,Ranger,211,"Intruders in Black",185,"Ensnaring Arrow",#32CD32,1,"Orb of Alteration"
2,Ranger,211,"Intruders in Black",186,Frenzy,#32CD32,1,"Orb of Alteration"
2,Ranger,211,"Intruders in Black",187,"Herald of Agony",#32CD32,1,"Orb of Alteration"
2,Ranger,211,"Intruders in Black",52,"Herald of Ash",Red,1,"Orb of Alteration"
2,Ranger,211,"Intruders in Black",188,"Herald of Ice",#32CD32,1,"Orb of Alteration"
2,Ranger,211,"Intruders in Black",322,"Herald of Thunder",#1E90FF,1,"Orb of Alteration"
3,Witch,211,"Intruders in Black",318,"Arcane Cloak",#1E90FF,1,"Orb of Alteration"
3,Witch,211,"Intruders in Black",181,"Arctic Armour",#32CD32,1,"Orb of Alteration"
3,Witch,211,"Intruders in Black",319,"Brand Recall",#1E90FF,1,"Orb of Alteration"
3,Witch,211,"Intruders in Black",320,"Cold Snap",#1E90FF,1,"Orb of Alteration"
3,Witch,211,"Intruders in Black",184,Desecrate,#32CD32,1,"Orb of Alteration"
3,Witch,211,"Intruders in Black",52,"Herald of Ash",Red,1,"Orb of Alteration"
3,Witch,211,"Intruders in Black",188,"Herald of Ice",#32CD32,1,"Orb of Alteration"
3,Witch,211,"Intruders in Black",322,"Herald of Thunder",#1E90FF,1,"Orb of Alteration"
4,Duelist,211,"Intruders in Black",48,"Ancestral Cry",Red,1,"Orb of Alteration"
4,Duelist,211,"Intruders in Black",183,"Blood Rage",#32CD32,1,"Orb of Alteration"
4,Duelist,211,"Intruders in Black",51,"Flesh and Stone",Red,1,"Orb of Alteration"
4,Duelist,211,"Intruders in Black",186,Frenzy,#32CD32,1,"Orb of Alteration"
4,Duelist,211,"Intruders in Black",52,"Herald of Ash",Red,1,"Orb of Alteration"
4,Duelist,211,"Intruders in Black",188,"Herald of Ice",#32CD32,1,"Orb of Alteration"
4,Duelist,211,"Intruders in Black",322,"Herald of Thunder",#1E90FF,1,"Orb of Alteration"
4,Duelist,211,"Intruders in Black",54,"Seismic Cry",Red,1,"Orb of Alteration"
5,Templar,211,"Intruders in Black",318,"Arcane Cloak",#1E90FF,1,"Orb of Alteration"
5,Templar,211,"Intruders in Black",319,"Brand Recall",#1E90FF,1,"Orb of Alteration"
5,Templar,211,"Intruders in Black",52,"Herald of Ash",Red,1,"Orb of Alteration"
5,Templar,211,"Intruders in Black",188,"Herald of Ice",#32CD32,1,"Orb of Alteration"
5,Templar,211,"Intruders in Black",53,"Herald of Purity",Red,1,"Orb of Alteration"
5,Templar,211,"Intruders in Black",322,"Herald of Thunder",#1E90FF,1,"Orb of Alteration"
5,Templar,211,"Intruders in Black",326,"Wave of Conviction",#1E90FF,1,"Orb of Alteration"
6,Shadow,211,"Intruders in Black",318,"Arcane Cloak",#1E90FF,1,"Orb of Alteration"
6,Shadow,211,"Intruders in Black",181,"Arctic Armour",#32CD32,1,"Orb of Alteration"
6,Shadow,211,"Intruders in Black",182,"Blade Blast",#32CD32,1,"Orb of Alteration"
6,Shadow,211,"Intruders in Black",183,"Blood Rage",#32CD32,1,"Orb of Alteration"
6,Shadow,211,"Intruders in Black",320,"Cold Snap",#1E90FF,1,"Orb of Alteration"
6,Shadow,211,"Intruders in Black",187,"Herald of Agony",#32CD32,1,"Orb of Alteration"
6,Shadow,211,"Intruders in Black",52,"Herald of Ash",Red,1,"Orb of Alteration"
6,Shadow,211,"Intruders in Black",188,"Herald of Ice",#32CD32,1,"Orb of Alteration"
6,Shadow,211,"Intruders in Black",322,"Herald of Thunder",#1E90FF,1,"Orb of Alteration"
6,Shadow,211,"Intruders in Black",324,"Summon Skitterbots",#1E90FF,1,"Orb of Alteration"
4,Duelist,211,"Intruders in Black",79,"Warlords Mark",Red,1,"Orb of Alteration"
4,Duelist,211,"Intruders in Black",338,"Assassins Mark",#1E90FF,1,"Orb of Alteration"
4,Duelist,211,"Intruders in Black",202,"Poachers Mark",#32CD32,1,"Orb of Alteration"
2,Ranger,211,"Intruders in Black",338,"Assassins Mark",#1E90FF,1,"Orb of Alteration"
2,Ranger,211,"Intruders in Black",202,"Poachers Mark",#32CD32,1,"Orb of Alteration"
1,Marauder,211,"Intruders in Black",79,"Warlords Mark",Red,1,"Orb of Alteration"
0,Scion,211,"Intruders in Black",79,"Warlords Mark",Red,1,"Orb of Alteration"
0,Scion,211,"Intruders in Black",338,"Assassins Mark",#1E90FF,1,"Orb of Alteration"
0,Scion,211,"Intruders in Black",202,"Poachers Mark",#32CD32,1,"Orb of Alteration"
0,Scion,211,"Intruders in Black",49,"Corrupting Fever",Red,1,"Orb of Alteration"
1,Marauder,211,"Intruders in Black",49,"Corrupting Fever",Red,1,"Orb of Alteration"
4,Duelist,211,"Intruders in Black",49,"Corrupting Fever",Red,1,"Orb of Alteration"
4,Duelist,211,"Intruders in Black",50,"Defiance Banner",Red,1,"Orb of Alteration"
5,Templar,211,"Intruders in Black",67,"Battlemages Cry",Red,1,"Orb of Alteration"
0,Scion,211,"Intruders in Black",53,"Herald of Purity",Red,1,"Orb of Alteration"
1,Marauder,211,"Intruders in Black",53,"Herald of Purity",Red,1,"Orb of Alteration"
4,Duelist,211,"Intruders in Black",53,"Herald of Purity",Red,1,"Orb of Alteration"
3,Witch,211,"Intruders in Black",53,"Herald of Purity",Red,1,"Orb of Alteration"
1,Marauder,211,"Intruders in Black",183,"Blood Rage",#32CD32,1,"Orb of Alteration"
1,Marauder,211,"Intruders in Black",319,"Brand Recall",#1E90FF,1,"Orb of Alteration"
1,Marauder,211,"Intruders in Black",50,"Defiance Banner",Red,1,"Orb of Alteration"
1,Marauder,211,"Intruders in Black",51,"Flesh and Stone",Red,1,"Orb of Alteration"
1,Marauder,211,"Intruders in Black",186,Frenzy,#32CD32,1,"Orb of Alteration"
1,Marauder,211,"Intruders in Black",323,"Righteous Fire",#1E90FF,1,"Orb of Alteration"
1,Marauder,211,"Intruders in Black",325,"Tempest Shield",#1E90FF,1,"Orb of Alteration"
4,Duelist,211,"Intruders in Black",187,"Herald of Agony",#32CD32,1,"Orb of Alteration"
3,Witch,211,"Intruders in Black",326,"Wave of Conviction",#1E90FF,1,"Orb of Alteration"
6,Shadow,211,"Intruders in Black",326,"Wave of Conviction",#1E90FF,1,"Orb of Alteration"
0,Scion,211,"Intruders in Black",324,"Summon Skitterbots",#1E90FF,1,"Orb of Alteration"
2,Ranger,211,"Intruders in Black",324,"Summon Skitterbots",#1E90FF,1,"Orb of Alteration"
3,Witch,211,"Intruders in Black",324,"Summon Skitterbots",#1E90FF,1,"Orb of Alteration"
3,Witch,211,"Intruders in Black",416,"Galvanic Field",#1E90FF,1,"Orb of Alteration"
5,Templar,211,"Intruders in Black",416,"Galvanic Field",#1E90FF,1,"Orb of Alteration"
6,Shadow,211,"Intruders in Black",416,"Galvanic Field",#1E90FF,1,"Orb of Alteration"
0,Scion,211,"Intruders in Black",323,"Righteous Fire",#1E90FF,1,"Orb of Alteration"
3,Witch,211,"Intruders in Black",323,"Righteous Fire",#1E90FF,1,"Orb of Alteration"
5,Templar,211,"Intruders in Black",323,"Righteous Fire",#1E90FF,1,"Orb of Alteration"
6,Shadow,211,"Intruders in Black",338,"Assassins Mark",#1E90FF,1,"Orb of Alteration"
2,Ranger,211,"Intruders in Black",79,"Warlords Mark",Red,1,"Orb of Alteration"
6,Shadow,211,"Intruders in Black",202,"Poachers Mark",#32CD32,1,"Orb of Alteration"
0,Scion,212,"Sharp and Cruel",191,"Culling Strike Support",#32CD32,1,"Orb of Alteration"
0,Scion,212,"Sharp and Cruel",63,"Melee Physical Damage Support",Red,1,"Orb of Alteration"
1,Marauder,212,"Sharp and Cruel",191,"Culling Strike Support",#32CD32,1,"Orb of Alteration"
1,Marauder,212,"Sharp and Cruel",63,"Melee Physical Damage Support",Red,1,"Orb of Alteration"
2,Ranger,212,"Sharp and Cruel",191,"Culling Strike Support",#32CD32,1,"Orb of Alteration"
2,Ranger,212,"Sharp and Cruel",63,"Melee Physical Damage Support",Red,1,"Orb of Alteration"
3,Witch,212,"Sharp and Cruel",191,"Culling Strike Support",#32CD32,1,"Orb of Alteration"
3,Witch,212,"Sharp and Cruel",63,"Melee Physical Damage Support",Red,1,"Orb of Alteration"
4,Duelist,212,"Sharp and Cruel",191,"Culling Strike Support",#32CD32,1,"Orb of Alteration"
4,Duelist,212,"Sharp and Cruel",63,"Melee Physical Damage Support",Red,1,"Orb of Alteration"
5,Templar,212,"Sharp and Cruel",191,"Culling Strike Support",#32CD32,1,"Orb of Alteration"
5,Templar,212,"Sharp and Cruel",63,"Melee Physical Damage Support",Red,1,"Orb of Alteration"
6,Shadow,212,"Sharp and Cruel",191,"Culling Strike Support",#32CD32,1,"Orb of Alteration"
6,Shadow,212,"Sharp and Cruel",63,"Melee Physical Damage Support",Red,1,"Orb of Alteration"
0,Scion,212,"Sharp and Cruel",55,"Bloodlust Support",Red,1,"Orb of Alteration"
0,Scion,212,"Sharp and Cruel",190,"Close Combat Support",#32CD32,1,"Orb of Alteration"
0,Scion,212,"Sharp and Cruel",56,"Cold to Fire Support",Red,1,"Orb of Alteration"
0,Scion,212,"Sharp and Cruel",327,"Concentrated Effect Support",#1E90FF,1,"Orb of Alteration"
0,Scion,212,"Sharp and Cruel",328,"Controlled Destruction Support",#1E90FF,1,"Orb of Alteration"
0,Scion,212,"Sharp and Cruel",58,"Damage on Full Life Support",Red,1,"Orb of Alteration"
0,Scion,212,"Sharp and Cruel",192,"Deadly Ailments Support",#32CD32,1,"Orb of Alteration"
0,Scion,212,"Sharp and Cruel",59,"Elemental Damage with Attacks Support",Red,1,"Orb of Alteration"
0,Scion,212,"Sharp and Cruel",329,"Elemental Focus Support",#1E90FF,1,"Orb of Alteration"
0,Scion,212,"Sharp and Cruel",60,"Endurance Charge on Melee Stun Support",Red,1,"Orb of Alteration"
0,Scion,212,"Sharp and Cruel",330,"Faster Casting Support",#1E90FF,1,"Orb of Alteration"
0,Scion,212,"Sharp and Cruel",331,"Increased Critical Damage Support",#1E90FF,1,"Orb of Alteration"
0,Scion,212,"Sharp and Cruel",61,"Iron Grip Support",Red,1,"Orb of Alteration"
0,Scion,212,"Sharp and Cruel",62,"Iron Will Support",Red,1,"Orb of Alteration"
0,Scion,212,"Sharp and Cruel",332,"Minion Life Support",#1E90FF,1,"Orb of Alteration"
0,Scion,212,"Sharp and Cruel",333,"Minion Speed Support",#1E90FF,1,"Orb of Alteration"
0,Scion,212,"Sharp and Cruel",194,"Nightblade Support",#32CD32,1,"Orb of Alteration"
0,Scion,212,"Sharp and Cruel",334,"Physical to Lightning Support",#1E90FF,1,"Orb of Alteration"
0,Scion,212,"Sharp and Cruel",195,"Point Blank Support",#32CD32,1,"Orb of Alteration"
0,Scion,212,"Sharp and Cruel",335,"Power Charge On Critical Support",#1E90FF,1,"Orb of Alteration"
0,Scion,212,"Sharp and Cruel",336,"Predator Support",#1E90FF,1,"Orb of Alteration"
0,Scion,212,"Sharp and Cruel",64,"Rage Support",Red,1,"Orb of Alteration"
0,Scion,212,"Sharp and Cruel",65,"Shockwave Support",Red,1,"Orb of Alteration"
0,Scion,212,"Sharp and Cruel",196,"Trap and Mine Damage Support",#32CD32,1,"Orb of Alteration"
0,Scion,212,"Sharp and Cruel",337,"Trinity Support",#1E90FF,1,"Orb of Alteration"
0,Scion,212,"Sharp and Cruel",197,"Vicious Projectiles Support",#32CD32,1,"Orb of Alteration"
1,Marauder,212,"Sharp and Cruel",55,"Bloodlust Support",Red,1,"Orb of Alteration"
1,Marauder,212,"Sharp and Cruel",190,"Close Combat Support",#32CD32,1,"Orb of Alteration"
1,Marauder,212,"Sharp and Cruel",58,"Damage on Full Life Support",Red,1,"Orb of Alteration"
1,Marauder,212,"Sharp and Cruel",59,"Elemental Damage with Attacks Support",Red,1,"Orb of Alteration"
1,Marauder,212,"Sharp and Cruel",60,"Endurance Charge on Melee Stun Support",Red,1,"Orb of Alteration"
1,Marauder,212,"Sharp and Cruel",61,"Iron Grip Support",Red,1,"Orb of Alteration"
1,Marauder,212,"Sharp and Cruel",62,"Iron Will Support",Red,1,"Orb of Alteration"
1,Marauder,212,"Sharp and Cruel",334,"Physical to Lightning Support",#1E90FF,1,"Orb of Alteration"
1,Marauder,212,"Sharp and Cruel",64,"Rage Support",Red,1,"Orb of Alteration"
1,Marauder,212,"Sharp and Cruel",65,"Shockwave Support",Red,1,"Orb of Alteration"
2,Ranger,212,"Sharp and Cruel",55,"Bloodlust Support",Red,1,"Orb of Alteration"
2,Ranger,212,"Sharp and Cruel",190,"Close Combat Support",#32CD32,1,"Orb of Alteration"
2,Ranger,212,"Sharp and Cruel",192,"Deadly Ailments Support",#32CD32,1,"Orb of Alteration"
2,Ranger,212,"Sharp and Cruel",59,"Elemental Damage with Attacks Support",Red,1,"Orb of Alteration"
2,Ranger,212,"Sharp and Cruel",331,"Increased Critical Damage Support",#1E90FF,1,"Orb of Alteration"
2,Ranger,212,"Sharp and Cruel",61,"Iron Grip Support",Red,1,"Orb of Alteration"
2,Ranger,212,"Sharp and Cruel",194,"Nightblade Support",#32CD32,1,"Orb of Alteration"
2,Ranger,212,"Sharp and Cruel",334,"Physical to Lightning Support",#1E90FF,1,"Orb of Alteration"
2,Ranger,212,"Sharp and Cruel",195,"Point Blank Support",#32CD32,1,"Orb of Alteration"
2,Ranger,212,"Sharp and Cruel",335,"Power Charge On Critical Support",#1E90FF,1,"Orb of Alteration"
2,Ranger,212,"Sharp and Cruel",64,"Rage Support",Red,1,"Orb of Alteration"
2,Ranger,212,"Sharp and Cruel",196,"Trap and Mine Damage Support",#32CD32,1,"Orb of Alteration"
2,Ranger,212,"Sharp and Cruel",337,"Trinity Support",#1E90FF,1,"Orb of Alteration"
2,Ranger,212,"Sharp and Cruel",197,"Vicious Projectiles Support",#32CD32,1,"Orb of Alteration"
3,Witch,212,"Sharp and Cruel",56,"Cold to Fire Support",Red,1,"Orb of Alteration"
3,Witch,212,"Sharp and Cruel",327,"Concentrated Effect Support",#1E90FF,1,"Orb of Alteration"
3,Witch,212,"Sharp and Cruel",328,"Controlled Destruction Support",#1E90FF,1,"Orb of Alteration"
3,Witch,212,"Sharp and Cruel",192,"Deadly Ailments Support",#32CD32,1,"Orb of Alteration"
3,Witch,212,"Sharp and Cruel",329,"Elemental Focus Support",#1E90FF,1,"Orb of Alteration"
3,Witch,212,"Sharp and Cruel",330,"Faster Casting Support",#1E90FF,1,"Orb of Alteration"
3,Witch,212,"Sharp and Cruel",331,"Increased Critical Damage Support",#1E90FF,1,"Orb of Alteration"
3,Witch,212,"Sharp and Cruel",332,"Minion Life Support",#1E90FF,1,"Orb of Alteration"
3,Witch,212,"Sharp and Cruel",333,"Minion Speed Support",#1E90FF,1,"Orb of Alteration"
3,Witch,212,"Sharp and Cruel",335,"Power Charge On Critical Support",#1E90FF,1,"Orb of Alteration"
3,Witch,212,"Sharp and Cruel",336,"Predator Support",#1E90FF,1,"Orb of Alteration"
3,Witch,212,"Sharp and Cruel",196,"Trap and Mine Damage Support",#32CD32,1,"Orb of Alteration"
3,Witch,212,"Sharp and Cruel",337,"Trinity Support",#1E90FF,1,"Orb of Alteration"
4,Duelist,212,"Sharp and Cruel",55,"Bloodlust Support",Red,1,"Orb of Alteration"
4,Duelist,212,"Sharp and Cruel",190,"Close Combat Support",#32CD32,1,"Orb of Alteration"
4,Duelist,212,"Sharp and Cruel",58,"Damage on Full Life Support",Red,1,"Orb of Alteration"
4,Duelist,212,"Sharp and Cruel",192,"Deadly Ailments Support",#32CD32,1,"Orb of Alteration"
4,Duelist,212,"Sharp and Cruel",59,"Elemental Damage with Attacks Support",Red,1,"Orb of Alteration"
4,Duelist,212,"Sharp and Cruel",60,"Endurance Charge on Melee Stun Support",Red,1,"Orb of Alteration"
4,Duelist,212,"Sharp and Cruel",61,"Iron Grip Support",Red,1,"Orb of Alteration"
4,Duelist,212,"Sharp and Cruel",62,"Iron Will Support",Red,1,"Orb of Alteration"
4,Duelist,212,"Sharp and Cruel",334,"Physical to Lightning Support",#1E90FF,1,"Orb of Alteration"
4,Duelist,212,"Sharp and Cruel",195,"Point Blank Support",#32CD32,1,"Orb of Alteration"
4,Duelist,212,"Sharp and Cruel",64,"Rage Support",Red,1,"Orb of Alteration"
4,Duelist,212,"Sharp and Cruel",65,"Shockwave Support",Red,1,"Orb of Alteration"
4,Duelist,212,"Sharp and Cruel",337,"Trinity Support",#1E90FF,1,"Orb of Alteration"
4,Duelist,212,"Sharp and Cruel",197,"Vicious Projectiles Support",#32CD32,1,"Orb of Alteration"
5,Templar,212,"Sharp and Cruel",55,"Bloodlust Support",Red,1,"Orb of Alteration"
5,Templar,212,"Sharp and Cruel",190,"Close Combat Support",#32CD32,1,"Orb of Alteration"
5,Templar,212,"Sharp and Cruel",56,"Cold to Fire Support",Red,1,"Orb of Alteration"
5,Templar,212,"Sharp and Cruel",327,"Concentrated Effect Support",#1E90FF,1,"Orb of Alteration"
5,Templar,212,"Sharp and Cruel",328,"Controlled Destruction Support",#1E90FF,1,"Orb of Alteration"
5,Templar,212,"Sharp and Cruel",58,"Damage on Full Life Support",Red,1,"Orb of Alteration"
5,Templar,212,"Sharp and Cruel",192,"Deadly Ailments Support",#32CD32,1,"Orb of Alteration"
5,Templar,212,"Sharp and Cruel",59,"Elemental Damage with Attacks Support",Red,1,"Orb of Alteration"
5,Templar,212,"Sharp and Cruel",329,"Elemental Focus Support",#1E90FF,1,"Orb of Alteration"
5,Templar,212,"Sharp and Cruel",60,"Endurance Charge on Melee Stun Support",Red,1,"Orb of Alteration"
5,Templar,212,"Sharp and Cruel",330,"Faster Casting Support",#1E90FF,1,"Orb of Alteration"
5,Templar,212,"Sharp and Cruel",61,"Iron Grip Support",Red,1,"Orb of Alteration"
5,Templar,212,"Sharp and Cruel",62,"Iron Will Support",Red,1,"Orb of Alteration"
5,Templar,212,"Sharp and Cruel",332,"Minion Life Support",#1E90FF,1,"Orb of Alteration"
5,Templar,212,"Sharp and Cruel",333,"Minion Speed Support",#1E90FF,1,"Orb of Alteration"
5,Templar,212,"Sharp and Cruel",334,"Physical to Lightning Support",#1E90FF,1,"Orb of Alteration"
5,Templar,212,"Sharp and Cruel",336,"Predator Support",#1E90FF,1,"Orb of Alteration"
5,Templar,212,"Sharp and Cruel",64,"Rage Support",Red,1,"Orb of Alteration"
5,Templar,212,"Sharp and Cruel",65,"Shockwave Support",Red,1,"Orb of Alteration"
5,Templar,212,"Sharp and Cruel",196,"Trap and Mine Damage Support",#32CD32,1,"Orb of Alteration"
5,Templar,212,"Sharp and Cruel",337,"Trinity Support",#1E90FF,1,"Orb of Alteration"
6,Shadow,212,"Sharp and Cruel",55,"Bloodlust Support",Red,1,"Orb of Alteration"
6,Shadow,212,"Sharp and Cruel",190,"Close Combat Support",#32CD32,1,"Orb of Alteration"
6,Shadow,212,"Sharp and Cruel",56,"Cold to Fire Support",Red,1,"Orb of Alteration"
6,Shadow,212,"Sharp and Cruel",327,"Concentrated Effect Support",#1E90FF,1,"Orb of Alteration"
6,Shadow,212,"Sharp and Cruel",328,"Controlled Destruction Support",#1E90FF,1,"Orb of Alteration"
6,Shadow,212,"Sharp and Cruel",192,"Deadly Ailments Support",#32CD32,1,"Orb of Alteration"
6,Shadow,212,"Sharp and Cruel",59,"Elemental Damage with Attacks Support",Red,1,"Orb of Alteration"
6,Shadow,212,"Sharp and Cruel",329,"Elemental Focus Support",#1E90FF,1,"Orb of Alteration"
6,Shadow,212,"Sharp and Cruel",330,"Faster Casting Support",#1E90FF,1,"Orb of Alteration"
6,Shadow,212,"Sharp and Cruel",331,"Increased Critical Damage Support",#1E90FF,1,"Orb of Alteration"
6,Shadow,212,"Sharp and Cruel",194,"Nightblade Support",#32CD32,1,"Orb of Alteration"
6,Shadow,212,"Sharp and Cruel",334,"Physical to Lightning Support",#1E90FF,1,"Orb of Alteration"
6,Shadow,212,"Sharp and Cruel",195,"Point Blank Support",#32CD32,1,"Orb of Alteration"
6,Shadow,212,"Sharp and Cruel",335,"Power Charge On Critical Support",#1E90FF,1,"Orb of Alteration"
6,Shadow,212,"Sharp and Cruel",64,"Rage Support",Red,1,"Orb of Alteration"
6,Shadow,212,"Sharp and Cruel",196,"Trap and Mine Damage Support",#32CD32,1,"Orb of Alteration"
0,Scion,212,"Sharp and Cruel",57,"Cruelty Support",Red,1,"Orb of Alteration"
1,Marauder,212,"Sharp and Cruel",57,"Cruelty Support",Red,1,"Orb of Alteration"
3,Witch,212,"Sharp and Cruel",57,"Cruelty Support",Red,1,"Orb of Alteration"
4,Duelist,212,"Sharp and Cruel",57,"Cruelty Support",Red,1,"Orb of Alteration"
5,Templar,212,"Sharp and Cruel",57,"Cruelty Support",Red,1,"Orb of Alteration"
3,Witch,212,"Sharp and Cruel",418,"Overcharge Support",#1E90FF,1,"Orb of Alteration"
5,Templar,212,"Sharp and Cruel",418,"Overcharge Support",#1E90FF,1,"Orb of Alteration"
6,Shadow,212,"Sharp and Cruel",418,"Overcharge Support",#1E90FF,1,"Orb of Alteration"
2,Ranger,212,"Sharp and Cruel",418,"Overcharge Support",#1E90FF,1,"Orb of Alteration"
0,Scion,212,"Sharp and Cruel",437,"Fresh Meat Support",#1E90FF,1,"Orb of Alteration"
3,Witch,212,"Sharp and Cruel",437,"Fresh Meat Support",#1E90FF,1,"Orb of Alteration"
5,Templar,212,"Sharp and Cruel",437,"Fresh Meat Support",#1E90FF,1,"Orb of Alteration"
0,Scion,212,"Sharp and Cruel",434,"Sadism Support",#32CD32,1,"Orb of Alteration"
1,Marauder,212,"Sharp and Cruel",434,"Sadism Support",#32CD32,1,"Orb of Alteration"
2,Ranger,212,"Sharp and Cruel",434,"Sadism Support",#32CD32,1,"Orb of Alteration"
3,Witch,212,"Sharp and Cruel",434,"Sadism Support",#32CD32,1,"Orb of Alteration"
4,Duelist,212,"Sharp and Cruel",434,"Sadism Support",#32CD32,1,"Orb of Alteration"
5,Templar,212,"Sharp and Cruel",434,"Sadism Support",#32CD32,1,"Orb of Alteration"
6,Shadow,212,"Sharp and Cruel",434,"Sadism Support",#32CD32,1,"Orb of Alteration"
0,Scion,212,"Sharp and Cruel",430,"Volatility Support",Red,1,"Orb of Alteration"
1,Marauder,212,"Sharp and Cruel",430,"Volatility Support",Red,1,"Orb of Alteration"
4,Duelist,212,"Sharp and Cruel",430,"Volatility Support",Red,1,"Orb of Alteration"
5,Templar,212,"Sharp and Cruel",430,"Volatility Support",Red,1,"Orb of Alteration"
0,Scion,311,"Lost in Love",73,Pride,Red,1,"Orb of Alteration"
0,Scion,311,"Lost in Love",350,"Purity of Elements",#1E90FF,1,"Orb of Alteration"
1,Marauder,311,"Lost in Love",73,Pride,Red,1,"Orb of Alteration"
1,Marauder,311,"Lost in Love",350,"Purity of Elements",#1E90FF,1,"Orb of Alteration"
2,Ranger,311,"Lost in Love",73,Pride,Red,1,"Orb of Alteration"
2,Ranger,311,"Lost in Love",350,"Purity of Elements",#1E90FF,1,"Orb of Alteration"
3,Witch,311,"Lost in Love",73,Pride,Red,1,"Orb of Alteration"
3,Witch,311,"Lost in Love",350,"Purity of Elements",#1E90FF,1,"Orb of Alteration"
4,Duelist,311,"Lost in Love",73,Pride,Red,1,"Orb of Alteration"
4,Duelist,311,"Lost in Love",350,"Purity of Elements",#1E90FF,1,"Orb of Alteration"
5,Templar,311,"Lost in Love",73,Pride,Red,1,"Orb of Alteration"
5,Templar,311,"Lost in Love",350,"Purity of Elements",#1E90FF,1,"Orb of Alteration"
6,Shadow,311,"Lost in Love",73,Pride,Red,1,"Orb of Alteration"
6,Shadow,311,"Lost in Love",350,"Purity of Elements",#1E90FF,1,"Orb of Alteration"
0,Scion,311,"Lost in Love",66,Anger,Red,1,"Orb of Alteration"
0,Scion,311,"Lost in Love",339,Bane,#1E90FF,1,"Orb of Alteration"
0,Scion,311,"Lost in Love",340,Conductivity,#1E90FF,1,"Orb of Alteration"
0,Scion,311,"Lost in Love",341,Convocation,#1E90FF,1,"Orb of Alteration"
0,Scion,311,"Lost in Love",342,Despair,#1E90FF,1,"Orb of Alteration"
0,Scion,311,"Lost in Love",343,Discipline,#1E90FF,1,"Orb of Alteration"
0,Scion,311,"Lost in Love",69,"Dread Banner",Red,1,"Orb of Alteration"
0,Scion,311,"Lost in Love",344,"Elemental Weakness",#1E90FF,1,"Orb of Alteration"
0,Scion,311,"Lost in Love",346,Enfeeble,#1E90FF,1,"Orb of Alteration"
0,Scion,311,"Lost in Love",347,Flammability,#1E90FF,1,"Orb of Alteration"
0,Scion,311,"Lost in Love",348,Frostbite,#1E90FF,1,"Orb of Alteration"
0,Scion,311,"Lost in Love",70,"Generals Cry",Red,1,"Orb of Alteration"
0,Scion,311,"Lost in Love",199,Haste,#32CD32,1,"Orb of Alteration"
0,Scion,311,"Lost in Love",200,Hatred,#32CD32,1,"Orb of Alteration"
0,Scion,311,"Lost in Love",71,"Infernal Cry",Red,1,"Orb of Alteration"
0,Scion,311,"Lost in Love",349,Malevolence,#1E90FF,1,"Orb of Alteration"
0,Scion,311,"Lost in Love",201,"Plague Bearer",#32CD32,1,"Orb of Alteration"
0,Scion,311,"Lost in Love",74,Punishment,Red,1,"Orb of Alteration"
0,Scion,311,"Lost in Love",75,"Purity of Fire",Red,1,"Orb of Alteration"
0,Scion,311,"Lost in Love",203,"Purity of Ice",#32CD32,1,"Orb of Alteration"
0,Scion,311,"Lost in Love",351,"Purity of Lightning",#1E90FF,1,"Orb of Alteration"
0,Scion,311,"Lost in Love",76,"Rallying Cry",Red,1,"Orb of Alteration"
0,Scion,311,"Lost in Love",352,Spellslinger,#1E90FF,1,"Orb of Alteration"
0,Scion,311,"Lost in Love",205,"Temporal Chains",#32CD32,1,"Orb of Alteration"
0,Scion,311,"Lost in Love",78,Vulnerability,Red,1,"Orb of Alteration"
0,Scion,311,"Lost in Love",353,Wrath,#1E90FF,1,"Orb of Alteration"
0,Scion,311,"Lost in Love",354,Zealotry,#1E90FF,1,"Orb of Alteration"
1,Marauder,311,"Lost in Love",66,Anger,Red,1,"Orb of Alteration"
1,Marauder,311,"Lost in Love",68,Determination,Red,1,"Orb of Alteration"
1,Marauder,311,"Lost in Love",69,"Dread Banner",Red,1,"Orb of Alteration"
1,Marauder,311,"Lost in Love",347,Flammability,#1E90FF,1,"Orb of Alteration"
1,Marauder,311,"Lost in Love",70,"Generals Cry",Red,1,"Orb of Alteration"
1,Marauder,311,"Lost in Love",200,Hatred,#32CD32,1,"Orb of Alteration"
1,Marauder,311,"Lost in Love",71,"Infernal Cry",Red,1,"Orb of Alteration"
1,Marauder,311,"Lost in Love",74,Punishment,Red,1,"Orb of Alteration"
1,Marauder,311,"Lost in Love",75,"Purity of Fire",Red,1,"Orb of Alteration"
1,Marauder,311,"Lost in Love",76,"Rallying Cry",Red,1,"Orb of Alteration"
1,Marauder,311,"Lost in Love",77,Vengeance,Red,1,"Orb of Alteration"
1,Marauder,311,"Lost in Love",78,Vulnerability,Red,1,"Orb of Alteration"
2,Ranger,311,"Lost in Love",66,Anger,Red,1,"Orb of Alteration"
2,Ranger,311,"Lost in Love",342,Despair,#1E90FF,1,"Orb of Alteration"
2,Ranger,311,"Lost in Love",69,"Dread Banner",Red,1,"Orb of Alteration"
2,Ranger,311,"Lost in Love",198,Grace,#32CD32,1,"Orb of Alteration"
2,Ranger,311,"Lost in Love",199,Haste,#32CD32,1,"Orb of Alteration"
2,Ranger,311,"Lost in Love",200,Hatred,#32CD32,1,"Orb of Alteration"
2,Ranger,311,"Lost in Love",201,"Plague Bearer",#32CD32,1,"Orb of Alteration"
2,Ranger,311,"Lost in Love",203,"Purity of Ice",#32CD32,1,"Orb of Alteration"
2,Ranger,311,"Lost in Love",205,"Temporal Chains",#32CD32,1,"Orb of Alteration"
2,Ranger,311,"Lost in Love",78,Vulnerability,Red,1,"Orb of Alteration"
2,Ranger,311,"Lost in Love",353,Wrath,#1E90FF,1,"Orb of Alteration"
3,Witch,311,"Lost in Love",339,Bane,#1E90FF,1,"Orb of Alteration"
3,Witch,311,"Lost in Love",340,Conductivity,#1E90FF,1,"Orb of Alteration"
3,Witch,311,"Lost in Love",341,Convocation,#1E90FF,1,"Orb of Alteration"
3,Witch,311,"Lost in Love",342,Despair,#1E90FF,1,"Orb of Alteration"
3,Witch,311,"Lost in Love",343,Discipline,#1E90FF,1,"Orb of Alteration"
3,Witch,311,"Lost in Love",344,"Elemental Weakness",#1E90FF,1,"Orb of Alteration"
3,Witch,311,"Lost in Love",346,Enfeeble,#1E90FF,1,"Orb of Alteration"
3,Witch,311,"Lost in Love",347,Flammability,#1E90FF,1,"Orb of Alteration"
3,Witch,311,"Lost in Love",348,Frostbite,#1E90FF,1,"Orb of Alteration"
3,Witch,311,"Lost in Love",200,Hatred,#32CD32,1,"Orb of Alteration"
3,Witch,311,"Lost in Love",349,Malevolence,#1E90FF,1,"Orb of Alteration"
3,Witch,311,"Lost in Love",74,Punishment,Red,1,"Orb of Alteration"
3,Witch,311,"Lost in Love",351,"Purity of Lightning",#1E90FF,1,"Orb of Alteration"
3,Witch,311,"Lost in Love",352,Spellslinger,#1E90FF,1,"Orb of Alteration"
3,Witch,311,"Lost in Love",205,"Temporal Chains",#32CD32,1,"Orb of Alteration"
3,Witch,311,"Lost in Love",353,Wrath,#1E90FF,1,"Orb of Alteration"
3,Witch,311,"Lost in Love",354,Zealotry,#1E90FF,1,"Orb of Alteration"
4,Duelist,311,"Lost in Love",66,Anger,Red,1,"Orb of Alteration"
4,Duelist,311,"Lost in Love",342,Despair,#1E90FF,1,"Orb of Alteration"
4,Duelist,311,"Lost in Love",68,Determination,Red,1,"Orb of Alteration"
4,Duelist,311,"Lost in Love",69,"Dread Banner",Red,1,"Orb of Alteration"
4,Duelist,311,"Lost in Love",70,"Generals Cry",Red,1,"Orb of Alteration"
4,Duelist,311,"Lost in Love",198,Grace,#32CD32,1,"Orb of Alteration"
4,Duelist,311,"Lost in Love",199,Haste,#32CD32,1,"Orb of Alteration"
4,Duelist,311,"Lost in Love",200,Hatred,#32CD32,1,"Orb of Alteration"
4,Duelist,311,"Lost in Love",71,"Infernal Cry",Red,1,"Orb of Alteration"
4,Duelist,311,"Lost in Love",74,Punishment,Red,1,"Orb of Alteration"
4,Duelist,311,"Lost in Love",75,"Purity of Fire",Red,1,"Orb of Alteration"
4,Duelist,311,"Lost in Love",203,"Purity of Ice",#32CD32,1,"Orb of Alteration"
4,Duelist,311,"Lost in Love",76,"Rallying Cry",Red,1,"Orb of Alteration"
4,Duelist,311,"Lost in Love",77,Vengeance,Red,1,"Orb of Alteration"
4,Duelist,311,"Lost in Love",78,Vulnerability,Red,1,"Orb of Alteration"
5,Templar,311,"Lost in Love",66,Anger,Red,1,"Orb of Alteration"
5,Templar,311,"Lost in Love",339,Bane,#1E90FF,1,"Orb of Alteration"
5,Templar,311,"Lost in Love",340,Conductivity,#1E90FF,1,"Orb of Alteration"
5,Templar,311,"Lost in Love",341,Convocation,#1E90FF,1,"Orb of Alteration"
5,Templar,311,"Lost in Love",342,Despair,#1E90FF,1,"Orb of Alteration"
5,Templar,311,"Lost in Love",68,Determination,Red,1,"Orb of Alteration"
5,Templar,311,"Lost in Love",343,Discipline,#1E90FF,1,"Orb of Alteration"
5,Templar,311,"Lost in Love",69,"Dread Banner",Red,1,"Orb of Alteration"
5,Templar,311,"Lost in Love",344,"Elemental Weakness",#1E90FF,1,"Orb of Alteration"
5,Templar,311,"Lost in Love",346,Enfeeble,#1E90FF,1,"Orb of Alteration"
5,Templar,311,"Lost in Love",347,Flammability,#1E90FF,1,"Orb of Alteration"
5,Templar,311,"Lost in Love",348,Frostbite,#1E90FF,1,"Orb of Alteration"
5,Templar,311,"Lost in Love",70,"Generals Cry",Red,1,"Orb of Alteration"
5,Templar,311,"Lost in Love",71,"Infernal Cry",Red,1,"Orb of Alteration"
5,Templar,311,"Lost in Love",349,Malevolence,#1E90FF,1,"Orb of Alteration"
5,Templar,311,"Lost in Love",72,"Petrified Blood",Red,1,"Orb of Alteration"
5,Templar,311,"Lost in Love",74,Punishment,Red,1,"Orb of Alteration"
5,Templar,311,"Lost in Love",75,"Purity of Fire",Red,1,"Orb of Alteration"
5,Templar,311,"Lost in Love",351,"Purity of Lightning",#1E90FF,1,"Orb of Alteration"
5,Templar,311,"Lost in Love",76,"Rallying Cry",Red,1,"Orb of Alteration"
5,Templar,311,"Lost in Love",352,Spellslinger,#1E90FF,1,"Orb of Alteration"
5,Templar,311,"Lost in Love",77,Vengeance,Red,1,"Orb of Alteration"
5,Templar,311,"Lost in Love",353,Wrath,#1E90FF,1,"Orb of Alteration"
5,Templar,311,"Lost in Love",354,Zealotry,#1E90FF,1,"Orb of Alteration"
6,Shadow,311,"Lost in Love",339,Bane,#1E90FF,1,"Orb of Alteration"
6,Shadow,311,"Lost in Love",340,Conductivity,#1E90FF,1,"Orb of Alteration"
6,Shadow,311,"Lost in Love",342,Despair,#1E90FF,1,"Orb of Alteration"
6,Shadow,311,"Lost in Love",343,Discipline,#1E90FF,1,"Orb of Alteration"
6,Shadow,311,"Lost in Love",344,"Elemental Weakness",#1E90FF,1,"Orb of Alteration"
6,Shadow,311,"Lost in Love",346,Enfeeble,#1E90FF,1,"Orb of Alteration"
6,Shadow,311,"Lost in Love",347,Flammability,#1E90FF,1,"Orb of Alteration"
6,Shadow,311,"Lost in Love",348,Frostbite,#1E90FF,1,"Orb of Alteration"
6,Shadow,311,"Lost in Love",198,Grace,#32CD32,1,"Orb of Alteration"
6,Shadow,311,"Lost in Love",199,Haste,#32CD32,1,"Orb of Alteration"
6,Shadow,311,"Lost in Love",200,Hatred,#32CD32,1,"Orb of Alteration"
6,Shadow,311,"Lost in Love",349,Malevolence,#1E90FF,1,"Orb of Alteration"
6,Shadow,311,"Lost in Love",201,"Plague Bearer",#32CD32,1,"Orb of Alteration"
6,Shadow,311,"Lost in Love",203,"Purity of Ice",#32CD32,1,"Orb of Alteration"
6,Shadow,311,"Lost in Love",351,"Purity of Lightning",#1E90FF,1,"Orb of Alteration"
6,Shadow,311,"Lost in Love",352,Spellslinger,#1E90FF,1,"Orb of Alteration"
6,Shadow,311,"Lost in Love",205,"Temporal Chains",#32CD32,1,"Orb of Alteration"
6,Shadow,311,"Lost in Love",353,Wrath,#1E90FF,1,"Orb of Alteration"
6,Shadow,311,"Lost in Love",354,Zealotry,#1E90FF,1,"Orb of Alteration"
2,Ranger,311,"Lost in Love",415,"Alchemists Mark",#32CD32,1,"Orb of Alteration"
0,Scion,311,"Lost in Love",415,"Alchemists Mark",#32CD32,1,"Orb of Alteration"
6,Shadow,311,"Lost in Love",415,"Alchemists Mark",#32CD32,1,"Orb of Alteration"
0,Scion,312,"Sever the Right Hand",81,"Animate Guardian",Red,1,"Orb of Alteration"
0,Scion,312,"Sever the Right Hand",359,Discharge,#1E90FF,1,"Orb of Chance"
1,Marauder,312,"Sever the Right Hand",81,"Animate Guardian",Red,1,"Orb of Alteration"
1,Marauder,312,"Sever the Right Hand",359,Discharge,#1E90FF,1,"Orb of Chance"
2,Ranger,312,"Sever the Right Hand",81,"Animate Guardian",Red,1,"Orb of Alteration"
2,Ranger,312,"Sever the Right Hand",359,Discharge,#1E90FF,1,"Orb of Chance"
3,Witch,312,"Sever the Right Hand",81,"Animate Guardian",Red,1,"Orb of Alteration"
3,Witch,312,"Sever the Right Hand",359,Discharge,#1E90FF,1,"Orb of Chance"
4,Duelist,312,"Sever the Right Hand",81,"Animate Guardian",Red,1,"Orb of Alteration"
4,Duelist,312,"Sever the Right Hand",359,Discharge,#1E90FF,1,"Orb of Chance"
5,Templar,312,"Sever the Right Hand",81,"Animate Guardian",Red,1,"Orb of Alteration"
5,Templar,312,"Sever the Right Hand",359,Discharge,#1E90FF,1,"Orb of Chance"
6,Shadow,312,"Sever the Right Hand",81,"Animate Guardian",Red,1,"Orb of Alteration"
6,Shadow,312,"Sever the Right Hand",359,Discharge,#1E90FF,1,"Orb of Chance"
0,Scion,312,"Sever the Right Hand",221,"Spectral Shield Throw",#32CD32,1,"Orb of Chance"
0,Scion,312,"Sever the Right Hand",80,"Ancestral Warchief",Red,1,"Orb of Alteration"
0,Scion,312,"Sever the Right Hand",355,"Armageddon Brand",#1E90FF,1,"Orb of Chance"
0,Scion,312,"Sever the Right Hand",206,"Artillery Ballista",#32CD32,1,"Orb of Chance"
0,Scion,312,"Sever the Right Hand",207,"Blade Flurry",#32CD32,1,"Orb of Chance"
0,Scion,312,"Sever the Right Hand",208,Bladefall,#32CD32,1,"Orb of Chance"
0,Scion,312,"Sever the Right Hand",82,Bladestorm,Red,1,"Orb of Alteration"
0,Scion,312,"Sever the Right Hand",209,"Blast Rain",#32CD32,1,"Orb of Chance"
0,Scion,312,"Sever the Right Hand",210,"Charged Dash",#32CD32,1,"Orb of Chance"
0,Scion,312,"Sever the Right Hand",84,"Consecrated Path",Red,1,"Orb of Alteration"
0,Scion,312,"Sever the Right Hand",211,Cremation,#32CD32,1,"Orb of Chance"
0,Scion,312,"Sever the Right Hand",212,Cyclone,#32CD32,1,"Orb of Chance"
0,Scion,312,"Sever the Right Hand",358,"Dark Pact",#1E90FF,1,"Orb of Chance"
0,Scion,312,"Sever the Right Hand",360,"Divine Ire",#1E90FF,1,"Orb of Chance"
0,Scion,312,"Sever the Right Hand",85,"Dominating Blow",Red,1,"Orb of Alteration"
0,Scion,312,"Sever the Right Hand",86,Earthquake,Red,1,"Orb of Alteration"
0,Scion,312,"Sever the Right Hand",362,Firestorm,#1E90FF,1,"Orb of Chance"
0,Scion,312,"Sever the Right Hand",363,Flameblast,#1E90FF,1,"Orb of Chance"
0,Scion,312,"Sever the Right Hand",215,"Flamethrower Trap",#32CD32,1,"Orb of Chance"
0,Scion,312,"Sever the Right Hand",87,"Ice Crash",Red,1,"Orb of Alteration"
0,Scion,312,"Sever the Right Hand",216,"Ice Trap",#32CD32,1,"Orb of Chance"
0,Scion,312,"Sever the Right Hand",366,"Kinetic Blast",#1E90FF,1,"Orb of Chance"
0,Scion,312,"Sever the Right Hand",217,"Lancing Steel",#32CD32,1,"Orb of Chance"
0,Scion,312,"Sever the Right Hand",367,"Lightning Spire Trap",#1E90FF,1,"Orb of Chance"
0,Scion,312,"Sever the Right Hand",368,"Penance Brand",#1E90FF,1,"Orb of Chance"
0,Scion,312,"Sever the Right Hand",218,"Pestilent Strike",#32CD32,1,"Orb of Chance"
0,Scion,312,"Sever the Right Hand",369,"Pyroclast Mine",#1E90FF,1,"Orb of Chance"
0,Scion,312,"Sever the Right Hand",370,"Raise Spectre",#1E90FF,1,"Orb of Chance"
0,Scion,312,"Sever the Right Hand",219,"Scourge Arrow",#32CD32,1,"Orb of Chance"
0,Scion,312,"Sever the Right Hand",220,"Seismic Trap",#32CD32,1,"Orb of Chance"
0,Scion,312,"Sever the Right Hand",371,"Shock Nova",#1E90FF,1,"Orb of Chance"
0,Scion,312,"Sever the Right Hand",372,Soulrend,#1E90FF,1,"Orb of Chance"
0,Scion,312,"Sever the Right Hand",373,Stormbind,#1E90FF,1,"Orb of Chance"
0,Scion,312,"Sever the Right Hand",91,"Tectonic Slam",Red,1,"Orb of Alteration"
0,Scion,312,"Sever the Right Hand",223,"Tornado Shot",#32CD32,1,"Orb of Chance"
0,Scion,312,"Sever the Right Hand",375,Vortex,#1E90FF,1,"Orb of Chance"
0,Scion,312,"Sever the Right Hand",224,"Wild Strike",#32CD32,1,"Orb of Chance"
0,Scion,312,"Sever the Right Hand",376,"Winter Orb",#1E90FF,1,"Orb of Chance"
1,Marauder,312,"Sever the Right Hand",221,"Spectral Shield Throw",#32CD32,1,"Orb of Chance"
1,Marauder,312,"Sever the Right Hand",80,"Ancestral Warchief",Red,1,"Orb of Alteration"
1,Marauder,312,"Sever the Right Hand",206,"Artillery Ballista",#32CD32,1,"Orb of Chance"
1,Marauder,312,"Sever the Right Hand",82,Bladestorm,Red,1,"Orb of Alteration"
1,Marauder,312,"Sever the Right Hand",210,"Charged Dash",#32CD32,1,"Orb of Chance"
1,Marauder,312,"Sever the Right Hand",84,"Consecrated Path",Red,1,"Orb of Alteration"
1,Marauder,312,"Sever the Right Hand",212,Cyclone,#32CD32,1,"Orb of Chance"
1,Marauder,312,"Sever the Right Hand",85,"Dominating Blow",Red,1,"Orb of Alteration"
1,Marauder,312,"Sever the Right Hand",86,Earthquake,Red,1,"Orb of Alteration"
1,Marauder,312,"Sever the Right Hand",213,"Explosive Arrow",#32CD32,1,"Orb of Chance"
1,Marauder,312,"Sever the Right Hand",363,Flameblast,#1E90FF,1,"Orb of Chance"
1,Marauder,312,"Sever the Right Hand",87,"Ice Crash",Red,1,"Orb of Alteration"
1,Marauder,312,"Sever the Right Hand",217,"Lancing Steel",#32CD32,1,"Orb of Chance"
1,Marauder,312,"Sever the Right Hand",89,Reap,Red,1,"Orb of Alteration"
1,Marauder,312,"Sever the Right Hand",90,"Shockwave Totem",Red,1,"Orb of Alteration"
1,Marauder,312,"Sever the Right Hand",91,"Tectonic Slam",Red,1,"Orb of Alteration"
2,Ranger,312,"Sever the Right Hand",221,"Spectral Shield Throw",#32CD32,1,"Orb of Chance"
2,Ranger,312,"Sever the Right Hand",206,"Artillery Ballista",#32CD32,1,"Orb of Chance"
2,Ranger,312,"Sever the Right Hand",207,"Blade Flurry",#32CD32,1,"Orb of Chance"
2,Ranger,312,"Sever the Right Hand",208,Bladefall,#32CD32,1,"Orb of Chance"
2,Ranger,312,"Sever the Right Hand",209,"Blast Rain",#32CD32,1,"Orb of Chance"
2,Ranger,312,"Sever the Right Hand",210,"Charged Dash",#32CD32,1,"Orb of Chance"
2,Ranger,312,"Sever the Right Hand",211,Cremation,#32CD32,1,"Orb of Chance"
2,Ranger,312,"Sever the Right Hand",212,Cyclone,#32CD32,1,"Orb of Chance"
2,Ranger,312,"Sever the Right Hand",213,"Explosive Arrow",#32CD32,1,"Orb of Chance"
2,Ranger,312,"Sever the Right Hand",87,"Ice Crash",Red,1,"Orb of Alteration"
2,Ranger,312,"Sever the Right Hand",217,"Lancing Steel",#32CD32,1,"Orb of Chance"
2,Ranger,312,"Sever the Right Hand",218,"Pestilent Strike",#32CD32,1,"Orb of Chance"
2,Ranger,312,"Sever the Right Hand",219,"Scourge Arrow",#32CD32,1,"Orb of Chance"
2,Ranger,312,"Sever the Right Hand",223,"Tornado Shot",#32CD32,1,"Orb of Chance"
2,Ranger,312,"Sever the Right Hand",224,"Wild Strike",#32CD32,1,"Orb of Chance"
3,Witch,312,"Sever the Right Hand",355,"Armageddon Brand",#1E90FF,1,"Orb of Chance"
3,Witch,312,"Sever the Right Hand",356,"Ball Lightning",#1E90FF,1,"Orb of Chance"
3,Witch,312,"Sever the Right Hand",208,Bladefall,#32CD32,1,"Orb of Chance"
3,Witch,312,"Sever the Right Hand",211,Cremation,#32CD32,1,"Orb of Chance"
3,Witch,312,"Sever the Right Hand",358,"Dark Pact",#1E90FF,1,"Orb of Chance"
3,Witch,312,"Sever the Right Hand",360,"Divine Ire",#1E90FF,1,"Orb of Chance"
3,Witch,312,"Sever the Right Hand",362,Firestorm,#1E90FF,1,"Orb of Chance"
3,Witch,312,"Sever the Right Hand",363,Flameblast,#1E90FF,1,"Orb of Chance"
3,Witch,312,"Sever the Right Hand",215,"Flamethrower Trap",#32CD32,1,"Orb of Chance"
3,Witch,312,"Sever the Right Hand",364,"Glacial Cascade",#1E90FF,1,"Orb of Chance"
3,Witch,312,"Sever the Right Hand",216,"Ice Trap",#32CD32,1,"Orb of Chance"
3,Witch,312,"Sever the Right Hand",366,"Kinetic Blast",#1E90FF,1,"Orb of Chance"
3,Witch,312,"Sever the Right Hand",367,"Lightning Spire Trap",#1E90FF,1,"Orb of Chance"
3,Witch,312,"Sever the Right Hand",368,"Penance Brand",#1E90FF,1,"Orb of Chance"
3,Witch,312,"Sever the Right Hand",369,"Pyroclast Mine",#1E90FF,1,"Orb of Chance"
3,Witch,312,"Sever the Right Hand",370,"Raise Spectre",#1E90FF,1,"Orb of Chance"
3,Witch,312,"Sever the Right Hand",89,Reap,Red,1,"Orb of Alteration"
3,Witch,312,"Sever the Right Hand",220,"Seismic Trap",#32CD32,1,"Orb of Chance"
3,Witch,312,"Sever the Right Hand",371,"Shock Nova",#1E90FF,1,"Orb of Chance"
3,Witch,312,"Sever the Right Hand",90,"Shockwave Totem",Red,1,"Orb of Alteration"
3,Witch,312,"Sever the Right Hand",372,Soulrend,#1E90FF,1,"Orb of Chance"
3,Witch,312,"Sever the Right Hand",373,Stormbind,#1E90FF,1,"Orb of Chance"
3,Witch,312,"Sever the Right Hand",375,Vortex,#1E90FF,1,"Orb of Chance"
3,Witch,312,"Sever the Right Hand",376,"Winter Orb",#1E90FF,1,"Orb of Chance"
4,Duelist,312,"Sever the Right Hand",221,"Spectral Shield Throw",#32CD32,1,"Orb of Chance"
4,Duelist,312,"Sever the Right Hand",80,"Ancestral Warchief",Red,1,"Orb of Alteration"
4,Duelist,312,"Sever the Right Hand",206,"Artillery Ballista",#32CD32,1,"Orb of Chance"
4,Duelist,312,"Sever the Right Hand",207,"Blade Flurry",#32CD32,1,"Orb of Chance"
4,Duelist,312,"Sever the Right Hand",82,Bladestorm,Red,1,"Orb of Alteration"
4,Duelist,312,"Sever the Right Hand",209,"Blast Rain",#32CD32,1,"Orb of Chance"
4,Duelist,312,"Sever the Right Hand",210,"Charged Dash",#32CD32,1,"Orb of Chance"
4,Duelist,312,"Sever the Right Hand",212,Cyclone,#32CD32,1,"Orb of Chance"
4,Duelist,312,"Sever the Right Hand",85,"Dominating Blow",Red,1,"Orb of Alteration"
4,Duelist,312,"Sever the Right Hand",86,Earthquake,Red,1,"Orb of Alteration"
4,Duelist,312,"Sever the Right Hand",213,"Explosive Arrow",#32CD32,1,"Orb of Chance"
4,Duelist,312,"Sever the Right Hand",87,"Ice Crash",Red,1,"Orb of Alteration"
4,Duelist,312,"Sever the Right Hand",217,"Lancing Steel",#32CD32,1,"Orb of Chance"
4,Duelist,312,"Sever the Right Hand",219,"Scourge Arrow",#32CD32,1,"Orb of Chance"
4,Duelist,312,"Sever the Right Hand",91,"Tectonic Slam",Red,1,"Orb of Alteration"
4,Duelist,312,"Sever the Right Hand",223,"Tornado Shot",#32CD32,1,"Orb of Chance"
5,Templar,312,"Sever the Right Hand",221,"Spectral Shield Throw",#32CD32,1,"Orb of Chance"
5,Templar,312,"Sever the Right Hand",80,"Ancestral Warchief",Red,1,"Orb of Alteration"
5,Templar,312,"Sever the Right Hand",355,"Armageddon Brand",#1E90FF,1,"Orb of Chance"
5,Templar,312,"Sever the Right Hand",356,"Ball Lightning",#1E90FF,1,"Orb of Chance"
5,Templar,312,"Sever the Right Hand",210,"Charged Dash",#32CD32,1,"Orb of Chance"
5,Templar,312,"Sever the Right Hand",84,"Consecrated Path",Red,1,"Orb of Alteration"
5,Templar,312,"Sever the Right Hand",211,Cremation,#32CD32,1,"Orb of Chance"
